,char,unicode
0,^,0x5e
1,^,0x5e
2,^,0x5e
3,^,0x5e
4,^,0x5e
5,^,0x5e
6,^,0x5e
7,^,0x5e
8,^,0x5e
9,^,0x5e
10,^,0x5e
11,^,0x5e
12,^,0x5e
13,^,0x5e
14,^,0x5e
15,^,0x5e
16,^,0x5e
17,^,0x5e
18,^,0x5e
19,^,0x5e
20,^,0x5e
21,^,0x5e
22,^,0x5e
23,^,0x5e
24,^,0x5e
25,^,0x5e
26,^,0x5e
27,^,0x5e
28,^,0x5e
29,^,0x5e
30,^,0x5e
31,^,0x5e
32,^,0x5e
33,^,0x5e
34,^,0x5e
35,^,0x5e
36,^,0x5e
37,^,0x5e
38,^,0x5e
39,^,0x5e
40,^,0x5e
41,^,0x5e
42,^,0x5e
43,^,0x5e
44,^,0x5e
45,^,0x5e
46,^,0x5e
47,^,0x5e
48,^,0x5e
49,^,0x5e
50,^,0x5e
51,^,0x5e
52,^,0x5e
53,^,0x5e
54,^,0x5e
55,^,0x5e
56,^,0x5e
57,^,0x5e
58,^,0x5e
59,^,0x5e
60,^,0x5e
61,^,0x5e
62,^,0x5e
63,^,0x5e
64,^,0x5e
65,^,0x5e
66,^,0x5e
67,^,0x5e
68,^,0x5e
69,^,0x5e
70,^,0x5e
71,^,0x5e
72,^,0x5e
73,^,0x5e
74,^,0x5e
75,^,0x5e
76,^,0x5e
77,^,0x5e
78,^,0x5e
79,^,0x5e
80,^,0x5e
81,^,0x5e
82,^,0x5e
83,^,0x5e
84,^,0x5e
85,^,0x5e
86,^,0x5e
87,^,0x5e
88,^,0x5e
89,^,0x5e
90,^,0x5e
91,^,0x5e
92,^,0x5e
93,^,0x5e
94,^,0x5e
95,^,0x5e
96,^,0x5e
97,^,0x5e
98,^,0x5e
99,^,0x5e
100,^,0x5e
101,^,0x5e
102,^,0x5e
103,^,0x5e
104,^,0x5e
105,^,0x5e
106,^,0x5e
107,^,0x5e
108,^,0x5e
109,^,0x5e
110,^,0x5e
111,^,0x5e
112,^,0x5e
113,^,0x5e
114,^,0x5e
115,^,0x5e
116,^,0x5e
117,^,0x5e
118,^,0x5e
119,^,0x5e
120,^,0x5e
121,^,0x5e
122,^,0x5e
123,^,0x5e
124,^,0x5e
125,^,0x5e
126,^,0x5e
127,^,0x5e
128,^,0x5e
129,^,0x5e
130,^,0x5e
131,^,0x5e
132,^,0x5e
133,^,0x5e
134,^,0x5e
135,^,0x5e
136,^,0x5e
137,^,0x5e
138,^,0x5e
139,^,0x5e
140,^,0x5e
141,^,0x5e
142,^,0x5e
143,^,0x5e
144,^,0x5e
145,^,0x5e
146,^,0x5e
147,^,0x5e
148,^,0x5e
149,^,0x5e
150,^,0x5e
151,^,0x5e
152,^,0x5e
153,^,0x5e
154,^,0x5e
155,^,0x5e
156,^,0x5e
157,^,0x5e
158,^,0x5e
159,^,0x5e
160,^,0x5e
161,^,0x5e
162,^,0x5e
163,^,0x5e
164,^,0x5e
165,^,0x5e
166,^,0x5e
167,^,0x5e
168,^,0x5e
169,^,0x5e
170,^,0x5e
171,^,0x5e
172,^,0x5e
173,^,0x5e
174,^,0x5e
175,^,0x5e
176,^,0x5e
177,^,0x5e
178,^,0x5e
179,^,0x5e
180,^,0x5e
181,^,0x5e
182,^,0x5e
183,^,0x5e
184,^,0x5e
185,^,0x5e
186,^,0x5e
187,^,0x5e
188,^,0x5e
189,^,0x5e
190,^,0x5e
191,^,0x5e
192,^,0x5e
193,^,0x5e
194,^,0x5e
195,^,0x5e
196,^,0x5e
197,^,0x5e
198,^,0x5e
199,^,0x5e
200,^,0x5e
201,^,0x5e
202,^,0x5e
203,^,0x5e
204,^,0x5e
205,^,0x5e
206,^,0x5e
207,^,0x5e
208,^,0x5e
209,^,0x5e
210,^,0x5e
211,^,0x5e
212,^,0x5e
213,^,0x5e
214,^,0x5e
215,^,0x5e
216,^,0x5e
217,^,0x5e
218,^,0x5e
219,^,0x5e
220,^,0x5e
221,^,0x5e
222,^,0x5e
223,^,0x5e
224,^,0x5e
225,^,0x5e
226,^,0x5e
227,^,0x5e
228,^,0x5e
229,^,0x5e
230,^,0x5e
231,^,0x5e
232,^,0x5e
233,^,0x5e
234,^,0x5e
235,^,0x5e
236,^,0x5e
237,^,0x5e
238,^,0x5e
239,^,0x5e
240,^,0x5e
241,^,0x5e
242,^,0x5e
243,^,0x5e
244,^,0x5e
245,^,0x5e
246,^,0x5e
247,^,0x5e
248,^,0x5e
249,^,0x5e
250,^,0x5e
251,^,0x5e
252,^,0x5e
253,^,0x5e
254,^,0x5e
255,^,0x5e
256,^,0x5e
257,^,0x5e
258,^,0x5e
259,^,0x5e
260,^,0x5e
261,^,0x5e
262,^,0x5e
263,^,0x5e
264,^,0x5e
265,^,0x5e
266,^,0x5e
267,^,0x5e
268,^,0x5e
269,^,0x5e
270,^,0x5e
271,^,0x5e
272,^,0x5e
273,^,0x5e
274,^,0x5e
275,^,0x5e
276,^,0x5e
277,^,0x5e
278,^,0x5e
279,^,0x5e
280,^,0x5e
281,^,0x5e
282,^,0x5e
283,^,0x5e
284,^,0x5e
285,^,0x5e
286,^,0x5e
287,^,0x5e
288,^,0x5e
289,^,0x5e
290,^,0x5e
291,^,0x5e
292,^,0x5e
293,^,0x5e
294,^,0x5e
295,^,0x5e
296,^,0x5e
297,^,0x5e
298,^,0x5e
299,^,0x5e
300,^,0x5e
301,^,0x5e
302,^,0x5e
303,^,0x5e
304,^,0x5e
305,^,0x5e
306,^,0x5e
307,^,0x5e
308,^,0x5e
309,^,0x5e
310,^,0x5e
311,^,0x5e
312,^,0x5e
313,^,0x5e
314,^,0x5e
315,^,0x5e
316,^,0x5e
317,^,0x5e
318,^,0x5e
319,^,0x5e
320,^,0x5e
321,^,0x5e
322,^,0x5e
323,^,0x5e
324,^,0x5e
325,^,0x5e
326,^,0x5e
327,^,0x5e
328,^,0x5e
329,^,0x5e
330,^,0x5e
331,^,0x5e
332,^,0x5e
333,^,0x5e
334,^,0x5e
335,^,0x5e
336,^,0x5e
337,^,0x5e
338,^,0x5e
339,^,0x5e
340,^,0x5e
341,^,0x5e
342,^,0x5e
343,^,0x5e
344,^,0x5e
345,^,0x5e
346,^,0x5e
347,^,0x5e
348,^,0x5e
349,^,0x5e
350,^,0x5e
351,^,0x5e
352,^,0x5e
353,^,0x5e
354,^,0x5e
355,^,0x5e
356,^,0x5e
357,^,0x5e
358,^,0x5e
359,^,0x5e
360,^,0x5e
361,^,0x5e
362,^,0x5e
363,^,0x5e
364,^,0x5e
365,^,0x5e
366,^,0x5e
367,^,0x5e
368,^,0x5e
369,^,0x5e
370,^,0x5e
371,^,0x5e
372,^,0x5e
373,^,0x5e
374,^,0x5e
375,^,0x5e
376,^,0x5e
377,^,0x5e
378,^,0x5e
379,^,0x5e
380,^,0x5e
381,^,0x5e
382,^,0x5e
383,^,0x5e
384,^,0x5e
385,^,0x5e
386,^,0x5e
387,^,0x5e
388,^,0x5e
389,^,0x5e
390,^,0x5e
391,^,0x5e
392,^,0x5e
393,^,0x5e
394,^,0x5e
395,^,0x5e
396,^,0x5e
397,^,0x5e
398,^,0x5e
399,^,0x5e
400,^,0x5e
401,^,0x5e
402,^,0x5e
403,^,0x5e
404,^,0x5e
405,^,0x5e
406,^,0x5e
407,^,0x5e
408,^,0x5e
409,^,0x5e
410,^,0x5e
411,^,0x5e
412,^,0x5e
413,^,0x5e
414,^,0x5e
415,^,0x5e
416,^,0x5e
417,^,0x5e
418,^,0x5e
419,^,0x5e
420,^,0x5e
421,^,0x5e
422,^,0x5e
423,^,0x5e
424,^,0x5e
425,^,0x5e
426,^,0x5e
427,^,0x5e
428,^,0x5e
429,^,0x5e
430,^,0x5e
431,^,0x5e
432,^,0x5e
433,^,0x5e
434,^,0x5e
435,^,0x5e
436,^,0x5e
437,^,0x5e
438,^,0x5e
439,^,0x5e
440,^,0x5e
441,^,0x5e
442,^,0x5e
443,^,0x5e
444,^,0x5e
445,^,0x5e
446,^,0x5e
447,^,0x5e
448,^,0x5e
449,^,0x5e
450,^,0x5e
451,^,0x5e
452,^,0x5e
453,^,0x5e
454,^,0x5e
455,^,0x5e
456,^,0x5e
457,^,0x5e
458,^,0x5e
459,^,0x5e
460,^,0x5e
461,^,0x5e
462,^,0x5e
463,^,0x5e
464,^,0x5e
465,^,0x5e
466,^,0x5e
467,^,0x5e
468,^,0x5e
469,^,0x5e
470,^,0x5e
471,^,0x5e
472,^,0x5e
473,^,0x5e
474,^,0x5e
475,^,0x5e
476,^,0x5e
477,^,0x5e
478,^,0x5e
479,^,0x5e
480,^,0x5e
481,^,0x5e
482,^,0x5e
483,^,0x5e
484,^,0x5e
485,^,0x5e
486,^,0x5e
487,^,0x5e
488,^,0x5e
489,^,0x5e
490,^,0x5e
491,^,0x5e
492,^,0x5e
493,^,0x5e
494,^,0x5e
495,^,0x5e
496,^,0x5e
497,^,0x5e
498,^,0x5e
499,^,0x5e
500,^,0x5e
501,^,0x5e
502,^,0x5e
503,^,0x5e
504,^,0x5e
505,^,0x5e
506,^,0x5e
507,^,0x5e
508,^,0x5e
509,^,0x5e
510,^,0x5e
511,^,0x5e
512,^,0x5e
513,^,0x5e
514,^,0x5e
515,^,0x5e
516,^,0x5e
517,^,0x5e
518,^,0x5e
519,^,0x5e
520,^,0x5e
521,^,0x5e
522,^,0x5e
523,^,0x5e
524,^,0x5e
525,^,0x5e
526,^,0x5e
527,^,0x5e
528,^,0x5e
529,^,0x5e
530,^,0x5e
531,^,0x5e
532,^,0x5e
533,^,0x5e
534,^,0x5e
535,^,0x5e
536,^,0x5e
537,^,0x5e
538,^,0x5e
539,^,0x5e
540,^,0x5e
541,^,0x5e
542,^,0x5e
543,^,0x5e
544,^,0x5e
545,^,0x5e
546,^,0x5e
547,^,0x5e
548,^,0x5e
549,^,0x5e
550,^,0x5e
551,^,0x5e
552,^,0x5e
553,^,0x5e
554,^,0x5e
555,^,0x5e
556,^,0x5e
557,^,0x5e
558,^,0x5e
559,^,0x5e
560,^,0x5e
561,^,0x5e
562,^,0x5e
563,^,0x5e
564,^,0x5e
565,^,0x5e
566,^,0x5e
567,^,0x5e
568,^,0x5e
569,^,0x5e
570,^,0x5e
571,^,0x5e
572,^,0x5e
573,^,0x5e
574,^,0x5e
575,^,0x5e
576,^,0x5e
577,^,0x5e
578,^,0x5e
579,^,0x5e
580,^,0x5e
581,^,0x5e
582,^,0x5e
583,^,0x5e
584,^,0x5e
585,^,0x5e
586,^,0x5e
587,^,0x5e
588,^,0x5e
589,^,0x5e
590,^,0x5e
591,^,0x5e
592,^,0x5e
593,^,0x5e
594,^,0x5e
595,^,0x5e
596,^,0x5e
597,^,0x5e
598,^,0x5e
599,^,0x5e
600,^,0x5e
601,^,0x5e
602,^,0x5e
603,^,0x5e
604,^,0x5e
605,^,0x5e
606,^,0x5e
607,^,0x5e
608,^,0x5e
609,^,0x5e
610,^,0x5e
611,^,0x5e
612,^,0x5e
613,^,0x5e
614,^,0x5e
615,^,0x5e
616,^,0x5e
617,^,0x5e
618,^,0x5e
619,^,0x5e
620,^,0x5e
621,^,0x5e
622,^,0x5e
623,^,0x5e
624,^,0x5e
625,^,0x5e
626,^,0x5e
627,^,0x5e
628,^,0x5e
629,^,0x5e
630,^,0x5e
631,^,0x5e
632,^,0x5e
633,^,0x5e
634,^,0x5e
635,^,0x5e
636,^,0x5e
637,^,0x5e
638,^,0x5e
639,^,0x5e
640,^,0x5e
641,^,0x5e
642,^,0x5e
643,^,0x5e
644,^,0x5e
645,^,0x5e
646,^,0x5e
647,^,0x5e
648,^,0x5e
649,^,0x5e
650,^,0x5e
651,^,0x5e
652,^,0x5e
653,^,0x5e
654,^,0x5e
655,^,0x5e
656,^,0x5e
657,^,0x5e
658,^,0x5e
659,^,0x5e
660,^,0x5e
661,^,0x5e
662,^,0x5e
663,^,0x5e
664,^,0x5e
665,^,0x5e
666,^,0x5e
667,^,0x5e
668,^,0x5e
669,^,0x5e
670,^,0x5e
671,^,0x5e
672,^,0x5e
673,^,0x5e
674,^,0x5e
675,^,0x5e
676,^,0x5e
677,^,0x5e
678,^,0x5e
679,^,0x5e
680,^,0x5e
681,^,0x5e
682,^,0x5e
683,^,0x5e
684,^,0x5e
685,^,0x5e
686,^,0x5e
687,^,0x5e
688,^,0x5e
689,^,0x5e
690,^,0x5e
691,^,0x5e
692,^,0x5e
693,^,0x5e
694,^,0x5e
695,^,0x5e
696,^,0x5e
697,^,0x5e
698,^,0x5e
699,^,0x5e
700,^,0x5e
701,^,0x5e
702,^,0x5e
703,^,0x5e
704,^,0x5e
705,^,0x5e
706,^,0x5e
707,^,0x5e
708,^,0x5e
709,^,0x5e
710,^,0x5e
711,^,0x5e
712,^,0x5e
713,^,0x5e
714,^,0x5e
715,^,0x5e
716,^,0x5e
717,^,0x5e
718,^,0x5e
719,^,0x5e
720,^,0x5e
721,^,0x5e
722,^,0x5e
723,^,0x5e
724,^,0x5e
725,^,0x5e
726,^,0x5e
727,^,0x5e
728,^,0x5e
729,^,0x5e
730,^,0x5e
731,^,0x5e
732,^,0x5e
733,^,0x5e
734,^,0x5e
735,^,0x5e
736,^,0x5e
737,^,0x5e
738,^,0x5e
739,^,0x5e
740,^,0x5e
741,^,0x5e
742,^,0x5e
743,^,0x5e
744,^,0x5e
745,^,0x5e
746,^,0x5e
747,^,0x5e
748,^,0x5e
749,^,0x5e
750,^,0x5e
751,^,0x5e
752,^,0x5e
753,^,0x5e
754,^,0x5e
755,^,0x5e
756,^,0x5e
757,^,0x5e
758,^,0x5e
759,^,0x5e
760,^,0x5e
761,^,0x5e
762,^,0x5e
763,^,0x5e
764,^,0x5e
765,^,0x5e
766,^,0x5e
767,^,0x5e
768,^,0x5e
769,^,0x5e
770,^,0x5e
771,^,0x5e
772,^,0x5e
773,^,0x5e
774,^,0x5e
775,^,0x5e
776,^,0x5e
777,^,0x5e
778,^,0x5e
779,^,0x5e
780,^,0x5e
781,^,0x5e
782,^,0x5e
783,^,0x5e
784,^,0x5e
785,^,0x5e
786,^,0x5e
787,^,0x5e
788,^,0x5e
789,^,0x5e
790,^,0x5e
791,^,0x5e
792,^,0x5e
793,^,0x5e
794,^,0x5e
795,^,0x5e
796,^,0x5e
797,^,0x5e
798,^,0x5e
799,^,0x5e
800,^,0x5e
801,^,0x5e
802,^,0x5e
803,^,0x5e
804,^,0x5e
805,^,0x5e
806,^,0x5e
807,^,0x5e
808,^,0x5e
809,^,0x5e
810,^,0x5e
811,^,0x5e
812,^,0x5e
813,^,0x5e
814,^,0x5e
815,^,0x5e
816,^,0x5e
817,^,0x5e
818,^,0x5e
819,^,0x5e
820,^,0x5e
821,^,0x5e
822,^,0x5e
823,^,0x5e
824,^,0x5e
825,^,0x5e
826,^,0x5e
827,^,0x5e
828,^,0x5e
829,^,0x5e
830,^,0x5e
831,^,0x5e
832,^,0x5e
833,^,0x5e
834,^,0x5e
835,^,0x5e
836,^,0x5e
837,^,0x5e
838,^,0x5e
839,^,0x5e
840,^,0x5e
841,^,0x5e
842,^,0x5e
843,^,0x5e
844,^,0x5e
845,^,0x5e
846,^,0x5e
847,^,0x5e
848,^,0x5e
849,^,0x5e
850,^,0x5e
851,^,0x5e
852,^,0x5e
853,^,0x5e
854,^,0x5e
855,^,0x5e
856,^,0x5e
857,^,0x5e
858,^,0x5e
859,^,0x5e
860,^,0x5e
861,^,0x5e
862,^,0x5e
863,^,0x5e
864,^,0x5e
865,^,0x5e
866,^,0x5e
867,^,0x5e
868,^,0x5e
869,^,0x5e
870,^,0x5e
871,^,0x5e
872,^,0x5e
873,^,0x5e
874,^,0x5e
875,^,0x5e
876,^,0x5e
877,^,0x5e
878,^,0x5e
879,^,0x5e
880,^,0x5e
881,^,0x5e
882,^,0x5e
883,^,0x5e
884,^,0x5e
885,^,0x5e
886,^,0x5e
887,^,0x5e
888,^,0x5e
889,^,0x5e
890,^,0x5e
891,^,0x5e
892,^,0x5e
893,^,0x5e
894,^,0x5e
895,^,0x5e
896,^,0x5e
897,^,0x5e
898,^,0x5e
899,^,0x5e
900,^,0x5e
901,^,0x5e
902,^,0x5e
903,^,0x5e
904,^,0x5e
905,^,0x5e
906,^,0x5e
907,^,0x5e
908,^,0x5e
909,^,0x5e
910,^,0x5e
911,^,0x5e
912,^,0x5e
913,^,0x5e
914,^,0x5e
915,^,0x5e
916,^,0x5e
917,^,0x5e
918,^,0x5e
919,^,0x5e
920,^,0x5e
921,^,0x5e
922,^,0x5e
923,^,0x5e
924,^,0x5e
925,^,0x5e
926,^,0x5e
927,^,0x5e
928,^,0x5e
929,^,0x5e
930,^,0x5e
931,^,0x5e
932,^,0x5e
933,^,0x5e
934,^,0x5e
935,^,0x5e
936,^,0x5e
937,^,0x5e
938,^,0x5e
939,^,0x5e
940,^,0x5e
941,^,0x5e
942,^,0x5e
943,^,0x5e
944,^,0x5e
945,^,0x5e
946,^,0x5e
947,^,0x5e
948,^,0x5e
949,^,0x5e
950,^,0x5e
951,^,0x5e
952,^,0x5e
953,^,0x5e
954,^,0x5e
955,^,0x5e
956,^,0x5e
957,^,0x5e
958,^,0x5e
959,^,0x5e
960,^,0x5e
961,^,0x5e
962,^,0x5e
963,^,0x5e
964,^,0x5e
965,^,0x5e
966,^,0x5e
967,^,0x5e
968,^,0x5e
969,^,0x5e
970,^,0x5e
971,^,0x5e
972,^,0x5e
973,^,0x5e
974,^,0x5e
975,^,0x5e
976,^,0x5e
977,^,0x5e
978,^,0x5e
979,^,0x5e
980,^,0x5e
981,^,0x5e
982,^,0x5e
983,^,0x5e
984,^,0x5e
985,^,0x5e
986,^,0x5e
987,^,0x5e
988,^,0x5e
989,^,0x5e
990,^,0x5e
991,^,0x5e
992,^,0x5e
993,^,0x5e
994,^,0x5e
995,^,0x5e
996,^,0x5e
997,^,0x5e
998,^,0x5e
999,^,0x5e
1000,^,0x5e
1001,^,0x5e
1002,^,0x5e
1003,^,0x5e
1004,^,0x5e
1005,^,0x5e
1006,^,0x5e
1007,^,0x5e
1008,^,0x5e
1009,^,0x5e
1010,^,0x5e
1011,^,0x5e
1012,^,0x5e
1013,^,0x5e
1014,^,0x5e
1015,^,0x5e
1016,^,0x5e
1017,^,0x5e
1018,^,0x5e
1019,^,0x5e
1020,^,0x5e
1021,^,0x5e
1022,^,0x5e
1023,^,0x5e
1024,^,0x5e
1025,^,0x5e
1026,^,0x5e
1027,^,0x5e
1028,^,0x5e
1029,^,0x5e
1030,^,0x5e
1031,^,0x5e
1032,^,0x5e
1033,^,0x5e
1034,^,0x5e
1035,^,0x5e
1036,^,0x5e
1037,^,0x5e
1038,^,0x5e
1039,^,0x5e
1040,^,0x5e
1041,^,0x5e
1042,^,0x5e
1043,^,0x5e
1044,^,0x5e
1045,^,0x5e
1046,^,0x5e
1047,^,0x5e
1048,^,0x5e
1049,^,0x5e
1050,^,0x5e
1051,^,0x5e
1052,^,0x5e
1053,^,0x5e
1054,^,0x5e
1055,^,0x5e
1056,^,0x5e
1057,^,0x5e
1058,^,0x5e
1059,^,0x5e
1060,^,0x5e
1061,^,0x5e
1062,^,0x5e
1063,^,0x5e
1064,^,0x5e
1065,^,0x5e
1066,^,0x5e
1067,^,0x5e
1068,^,0x5e
1069,^,0x5e
1070,^,0x5e
1071,^,0x5e
1072,^,0x5e
1073,^,0x5e
1074,^,0x5e
1075,^,0x5e
1076,^,0x5e
1077,^,0x5e
1078,^,0x5e
1079,^,0x5e
1080,^,0x5e
1081,^,0x5e
1082,^,0x5e
1083,^,0x5e
1084,^,0x5e
1085,^,0x5e
1086,^,0x5e
1087,^,0x5e
1088,^,0x5e
1089,^,0x5e
1090,^,0x5e
1091,^,0x5e
1092,^,0x5e
1093,^,0x5e
1094,^,0x5e
1095,^,0x5e
1096,^,0x5e
1097,^,0x5e
1098,^,0x5e
1099,^,0x5e
1100,^,0x5e
1101,^,0x5e
1102,^,0x5e
1103,^,0x5e
1104,^,0x5e
1105,^,0x5e
1106,^,0x5e
1107,^,0x5e
1108,^,0x5e
1109,^,0x5e
1110,^,0x5e
1111,^,0x5e
1112,^,0x5e
1113,^,0x5e
1114,^,0x5e
1115,^,0x5e
1116,^,0x5e
1117,^,0x5e
1118,^,0x5e
1119,^,0x5e
1120,^,0x5e
1121,^,0x5e
1122,^,0x5e
1123,^,0x5e
1124,^,0x5e
1125,^,0x5e
1126,^,0x5e
1127,^,0x5e
1128,^,0x5e
1129,^,0x5e
1130,^,0x5e
1131,^,0x5e
1132,^,0x5e
1133,^,0x5e
1134,^,0x5e
1135,^,0x5e
1136,^,0x5e
1137,^,0x5e
1138,^,0x5e
1139,^,0x5e
1140,^,0x5e
1141,^,0x5e
1142,^,0x5e
1143,^,0x5e
1144,^,0x5e
1145,^,0x5e
1146,^,0x5e
1147,^,0x5e
1148,^,0x5e
1149,^,0x5e
1150,^,0x5e
1151,^,0x5e
1152,^,0x5e
1153,^,0x5e
1154,^,0x5e
1155,^,0x5e
1156,^,0x5e
1157,^,0x5e
1158,^,0x5e
1159,^,0x5e
1160,^,0x5e
1161,^,0x5e
1162,^,0x5e
1163,^,0x5e
1164,^,0x5e
1165,^,0x5e
1166,^,0x5e
1167,^,0x5e
1168,^,0x5e
1169,^,0x5e
1170,^,0x5e
1171,^,0x5e
1172,^,0x5e
1173,^,0x5e
1174,^,0x5e
1175,^,0x5e
1176,^,0x5e
1177,^,0x5e
1178,^,0x5e
1179,^,0x5e
1180,^,0x5e
1181,^,0x5e
1182,^,0x5e
1183,^,0x5e
1184,^,0x5e
1185,^,0x5e
1186,^,0x5e
1187,^,0x5e
1188,^,0x5e
1189,^,0x5e
1190,^,0x5e
1191,^,0x5e
1192,^,0x5e
1193,^,0x5e
1194,^,0x5e
1195,^,0x5e
1196,^,0x5e
1197,^,0x5e
1198,^,0x5e
1199,^,0x5e
1200,^,0x5e
1201,^,0x5e
1202,^,0x5e
1203,^,0x5e
1204,^,0x5e
1205,^,0x5e
1206,^,0x5e
1207,^,0x5e
1208,^,0x5e
1209,^,0x5e
1210,^,0x5e
1211,^,0x5e
1212,^,0x5e
1213,^,0x5e
1214,^,0x5e
1215,^,0x5e
1216,^,0x5e
1217,^,0x5e
1218,^,0x5e
1219,^,0x5e
1220,^,0x5e
1221,^,0x5e
1222,^,0x5e
1223,^,0x5e
1224,^,0x5e
1225,^,0x5e
1226,^,0x5e
1227,^,0x5e
1228,^,0x5e
1229,^,0x5e
1230,^,0x5e
1231,^,0x5e
1232,^,0x5e
1233,^,0x5e
1234,^,0x5e
1235,^,0x5e
1236,^,0x5e
1237,^,0x5e
1238,^,0x5e
1239,^,0x5e
1240,^,0x5e
1241,^,0x5e
1242,^,0x5e
1243,^,0x5e
1244,^,0x5e
1245,^,0x5e
1246,^,0x5e
1247,^,0x5e
1248,^,0x5e
1249,^,0x5e
1250,^,0x5e
1251,^,0x5e
1252,^,0x5e
1253,^,0x5e
1254,^,0x5e
1255,^,0x5e
1256,^,0x5e
1257,^,0x5e
1258,^,0x5e
1259,^,0x5e
1260,^,0x5e
1261,^,0x5e
1262,^,0x5e
1263,^,0x5e
1264,^,0x5e
1265,^,0x5e
1266,^,0x5e
1267,^,0x5e
1268,^,0x5e
1269,^,0x5e
1270,^,0x5e
1271,^,0x5e
1272,^,0x5e
1273,^,0x5e
1274,^,0x5e
1275,^,0x5e
1276,^,0x5e
1277,^,0x5e
1278,^,0x5e
1279,^,0x5e
1280,^,0x5e
1281,^,0x5e
1282,^,0x5e
1283,^,0x5e
1284,^,0x5e
1285,^,0x5e
1286,^,0x5e
1287,^,0x5e
1288,^,0x5e
1289,^,0x5e
1290,^,0x5e
1291,^,0x5e
1292,^,0x5e
1293,^,0x5e
1294,^,0x5e
1295,^,0x5e
1296,^,0x5e
1297,^,0x5e
1298,^,0x5e
1299,^,0x5e
1300,^,0x5e
1301,^,0x5e
1302,^,0x5e
1303,^,0x5e
1304,^,0x5e
1305,^,0x5e
1306,^,0x5e
1307,^,0x5e
1308,^,0x5e
1309,^,0x5e
1310,^,0x5e
1311,^,0x5e
1312,^,0x5e
1313,^,0x5e
1314,^,0x5e
1315,^,0x5e
1316,^,0x5e
1317,^,0x5e
1318,^,0x5e
1319,^,0x5e
1320,^,0x5e
1321,^,0x5e
1322,^,0x5e
1323,^,0x5e
1324,^,0x5e
1325,^,0x5e
1326,^,0x5e
1327,^,0x5e
1328,^,0x5e
1329,^,0x5e
1330,^,0x5e
1331,^,0x5e
1332,^,0x5e
1333,^,0x5e
1334,^,0x5e
1335,^,0x5e
1336,^,0x5e
1337,^,0x5e
1338,^,0x5e
1339,^,0x5e
1340,^,0x5e
1341,^,0x5e
1342,^,0x5e
1343,^,0x5e
1344,^,0x5e
1345,^,0x5e
1346,^,0x5e
1347,^,0x5e
1348,^,0x5e
1349,^,0x5e
1350,^,0x5e
1351,^,0x5e
1352,^,0x5e
1353,^,0x5e
1354,^,0x5e
1355,^,0x5e
1356,^,0x5e
1357,^,0x5e
1358,^,0x5e
1359,^,0x5e
1360,^,0x5e
1361,^,0x5e
1362,^,0x5e
1363,^,0x5e
1364,^,0x5e
1365,^,0x5e
1366,^,0x5e
1367,^,0x5e
1368,^,0x5e
1369,^,0x5e
1370,^,0x5e
1371,^,0x5e
1372,^,0x5e
1373,^,0x5e
1374,^,0x5e
1375,^,0x5e
1376,^,0x5e
1377,^,0x5e
1378,^,0x5e
1379,^,0x5e
1380,^,0x5e
1381,^,0x5e
1382,^,0x5e
1383,|,0x7c
1384,|,0x7c
1385,|,0x7c
1386,|,0x7c
1387,|,0x7c
1388,|,0x7c
1389,|,0x7c
1390,|,0x7c
1391,|,0x7c
1392,|,0x7c
1393,|,0x7c
1394,|,0x7c
1395,|,0x7c
1396,|,0x7c
1397,|,0x7c
1398,|,0x7c
1399,|,0x7c
1400,|,0x7c
1401,|,0x7c
1402,|,0x7c
1403,|,0x7c
1404,|,0x7c
1405,|,0x7c
1406,|,0x7c
1407,|,0x7c
1408,|,0x7c
1409,|,0x7c
1410,|,0x7c
1411,|,0x7c
1412,|,0x7c
1413,|,0x7c
1414,|,0x7c
1415,|,0x7c
1416,|,0x7c
1417,|,0x7c
1418,|,0x7c
1419,|,0x7c
1420,|,0x7c
1421,|,0x7c
1422,|,0x7c
1423,|,0x7c
1424,|,0x7c
1425,|,0x7c
1426,|,0x7c
1427,|,0x7c
1428,|,0x7c
1429,|,0x7c
1430,|,0x7c
1431,|,0x7c
1432,|,0x7c
1433,|,0x7c
1434,|,0x7c
1435,|,0x7c
1436,|,0x7c
1437,|,0x7c
1438,|,0x7c
1439,|,0x7c
1440,|,0x7c
1441,|,0x7c
1442,|,0x7c
1443,|,0x7c
1444,|,0x7c
1445,|,0x7c
1446,|,0x7c
1447,|,0x7c
1448,|,0x7c
1449,|,0x7c
1450,|,0x7c
1451,|,0x7c
1452,|,0x7c
1453,|,0x7c
1454,|,0x7c
1455,|,0x7c
1456,|,0x7c
1457,|,0x7c
1458,|,0x7c
1459,|,0x7c
1460,|,0x7c
1461,|,0x7c
1462,|,0x7c
1463,|,0x7c
1464,|,0x7c
1465,|,0x7c
1466,|,0x7c
1467,|,0x7c
1468,|,0x7c
1469,|,0x7c
1470,|,0x7c
1471,|,0x7c
1472,|,0x7c
1473,|,0x7c
1474,|,0x7c
1475,|,0x7c
1476,|,0x7c
1477,|,0x7c
1478,|,0x7c
1479,|,0x7c
1480,|,0x7c
1481,|,0x7c
1482,|,0x7c
1483,|,0x7c
1484,|,0x7c
1485,|,0x7c
1486,|,0x7c
1487,|,0x7c
1488,|,0x7c
1489,|,0x7c
1490,|,0x7c
1491,|,0x7c
1492,|,0x7c
1493,|,0x7c
1494,|,0x7c
1495,|,0x7c
1496,|,0x7c
1497,|,0x7c
1498,|,0x7c
1499,|,0x7c
1500,|,0x7c
1501,|,0x7c
1502,|,0x7c
1503,|,0x7c
1504,|,0x7c
1505,|,0x7c
1506,|,0x7c
1507,|,0x7c
1508,|,0x7c
1509,|,0x7c
1510,|,0x7c
1511,|,0x7c
1512,|,0x7c
1513,|,0x7c
1514,|,0x7c
1515,|,0x7c
1516,|,0x7c
1517,|,0x7c
1518,|,0x7c
1519,|,0x7c
1520,|,0x7c
1521,|,0x7c
1522,|,0x7c
1523,|,0x7c
1524,|,0x7c
1525,|,0x7c
1526,|,0x7c
1527,|,0x7c
1528,|,0x7c
1529,|,0x7c
1530,|,0x7c
1531,|,0x7c
1532,|,0x7c
1533,|,0x7c
1534,|,0x7c
1535,|,0x7c
1536,|,0x7c
1537,|,0x7c
1538,|,0x7c
1539,|,0x7c
1540,|,0x7c
1541,|,0x7c
1542,|,0x7c
1543,|,0x7c
1544,|,0x7c
1545,|,0x7c
1546,|,0x7c
1547,|,0x7c
1548,|,0x7c
1549,|,0x7c
1550,|,0x7c
1551,|,0x7c
1552,|,0x7c
1553,|,0x7c
1554,|,0x7c
1555,|,0x7c
1556,|,0x7c
1557,|,0x7c
1558,|,0x7c
1559,|,0x7c
1560,|,0x7c
1561,|,0x7c
1562,|,0x7c
1563,|,0x7c
1564,|,0x7c
1565,|,0x7c
1566,|,0x7c
1567,|,0x7c
1568,|,0x7c
1569,|,0x7c
1570,|,0x7c
1571,|,0x7c
1572,|,0x7c
1573,|,0x7c
1574,|,0x7c
1575,|,0x7c
1576,|,0x7c
1577,|,0x7c
1578,|,0x7c
1579,|,0x7c
1580,|,0x7c
1581,|,0x7c
1582,|,0x7c
1583,|,0x7c
1584,|,0x7c
1585,|,0x7c
1586,|,0x7c
1587,|,0x7c
1588,|,0x7c
1589,|,0x7c
1590,|,0x7c
1591,|,0x7c
1592,|,0x7c
1593,|,0x7c
1594,|,0x7c
1595,|,0x7c
1596,|,0x7c
1597,|,0x7c
1598,|,0x7c
1599,|,0x7c
1600,|,0x7c
1601,|,0x7c
1602,|,0x7c
1603,|,0x7c
1604,|,0x7c
1605,|,0x7c
1606,|,0x7c
1607,|,0x7c
1608,|,0x7c
1609,|,0x7c
1610,|,0x7c
1611,|,0x7c
1612,|,0x7c
1613,|,0x7c
1614,|,0x7c
1615,|,0x7c
1616,|,0x7c
1617,|,0x7c
1618,|,0x7c
1619,|,0x7c
1620,|,0x7c
1621,|,0x7c
1622,|,0x7c
1623,|,0x7c
1624,|,0x7c
1625,|,0x7c
1626,|,0x7c
1627,|,0x7c
1628,|,0x7c
1629,|,0x7c
1630,|,0x7c
1631,|,0x7c
1632,|,0x7c
1633,|,0x7c
1634,|,0x7c
1635,|,0x7c
1636,|,0x7c
1637,|,0x7c
1638,|,0x7c
1639,|,0x7c
1640,|,0x7c
1641,|,0x7c
1642,|,0x7c
1643,|,0x7c
1644,|,0x7c
1645,|,0x7c
1646,|,0x7c
1647,|,0x7c
1648,|,0x7c
1649,|,0x7c
1650,|,0x7c
1651,|,0x7c
1652,|,0x7c
1653,|,0x7c
1654,|,0x7c
1655,|,0x7c
1656,|,0x7c
1657,|,0x7c
1658,|,0x7c
1659,|,0x7c
1660,|,0x7c
1661,|,0x7c
1662,|,0x7c
1663,|,0x7c
1664,|,0x7c
1665,|,0x7c
1666,|,0x7c
1667,|,0x7c
1668,|,0x7c
1669,|,0x7c
1670,|,0x7c
1671,|,0x7c
1672,|,0x7c
1673,|,0x7c
1674,|,0x7c
1675,|,0x7c
1676,|,0x7c
1677,|,0x7c
1678,|,0x7c
1679,|,0x7c
1680,|,0x7c
1681,|,0x7c
1682,|,0x7c
1683,|,0x7c
1684,|,0x7c
1685,|,0x7c
1686,|,0x7c
1687,|,0x7c
1688,|,0x7c
1689,|,0x7c
1690,|,0x7c
1691,|,0x7c
1692,|,0x7c
1693,|,0x7c
1694,|,0x7c
1695,|,0x7c
1696,|,0x7c
1697,|,0x7c
1698,|,0x7c
1699,|,0x7c
1700,|,0x7c
1701,|,0x7c
1702,|,0x7c
1703,|,0x7c
1704,|,0x7c
1705,|,0x7c
1706,|,0x7c
1707,|,0x7c
1708,|,0x7c
1709,|,0x7c
1710,|,0x7c
1711,|,0x7c
1712,|,0x7c
1713,|,0x7c
1714,|,0x7c
1715,|,0x7c
1716,|,0x7c
1717,|,0x7c
1718,|,0x7c
1719,|,0x7c
1720,|,0x7c
1721,|,0x7c
1722,|,0x7c
1723,|,0x7c
1724,|,0x7c
1725,|,0x7c
1726,|,0x7c
1727,|,0x7c
1728,|,0x7c
1729,|,0x7c
1730,|,0x7c
1731,|,0x7c
1732,|,0x7c
1733,|,0x7c
1734,|,0x7c
1735,|,0x7c
1736,|,0x7c
1737,|,0x7c
1738,|,0x7c
1739,|,0x7c
1740,|,0x7c
1741,|,0x7c
1742,|,0x7c
1743,|,0x7c
1744,|,0x7c
1745,|,0x7c
1746,|,0x7c
1747,|,0x7c
1748,|,0x7c
1749,|,0x7c
1750,|,0x7c
1751,|,0x7c
1752,|,0x7c
1753,|,0x7c
1754,|,0x7c
1755,|,0x7c
1756,|,0x7c
1757,|,0x7c
1758,|,0x7c
1759,|,0x7c
1760,|,0x7c
1761,|,0x7c
1762,|,0x7c
1763,|,0x7c
1764,|,0x7c
1765,|,0x7c
1766,|,0x7c
1767,|,0x7c
1768,|,0x7c
1769,|,0x7c
1770,|,0x7c
1771,|,0x7c
1772,|,0x7c
1773,|,0x7c
1774,|,0x7c
1775,|,0x7c
1776,|,0x7c
1777,|,0x7c
1778,|,0x7c
1779,|,0x7c
1780,|,0x7c
1781,|,0x7c
1782,|,0x7c
1783,|,0x7c
1784,|,0x7c
1785,|,0x7c
1786,|,0x7c
1787,|,0x7c
1788,|,0x7c
1789,|,0x7c
1790,|,0x7c
1791,|,0x7c
1792,|,0x7c
1793,|,0x7c
1794,|,0x7c
1795,|,0x7c
1796,|,0x7c
1797,|,0x7c
1798,|,0x7c
1799,|,0x7c
1800,|,0x7c
1801,|,0x7c
1802,|,0x7c
1803,|,0x7c
1804,|,0x7c
1805,|,0x7c
1806,|,0x7c
1807,|,0x7c
1808,|,0x7c
1809,|,0x7c
1810,|,0x7c
1811,|,0x7c
1812,|,0x7c
1813,|,0x7c
1814,|,0x7c
1815,|,0x7c
1816,|,0x7c
1817,|,0x7c
1818,|,0x7c
1819,|,0x7c
1820,|,0x7c
1821,|,0x7c
1822,|,0x7c
1823,|,0x7c
1824,|,0x7c
1825,|,0x7c
1826,|,0x7c
1827,|,0x7c
1828,|,0x7c
1829,|,0x7c
1830,|,0x7c
1831,|,0x7c
1832,|,0x7c
1833,|,0x7c
1834,|,0x7c
1835,|,0x7c
1836,|,0x7c
1837,|,0x7c
1838,|,0x7c
1839,|,0x7c
1840,|,0x7c
1841,|,0x7c
1842,|,0x7c
1843,|,0x7c
1844,|,0x7c
1845,|,0x7c
1846,|,0x7c
1847,|,0x7c
1848,|,0x7c
1849,|,0x7c
1850,|,0x7c
1851,|,0x7c
1852,|,0x7c
1853,|,0x7c
1854,|,0x7c
1855,|,0x7c
1856,|,0x7c
1857,|,0x7c
1858,|,0x7c
1859,|,0x7c
1860,|,0x7c
1861,|,0x7c
1862,|,0x7c
1863,|,0x7c
1864,|,0x7c
1865,|,0x7c
1866,|,0x7c
1867,|,0x7c
1868,|,0x7c
1869,|,0x7c
1870,|,0x7c
1871,|,0x7c
1872,|,0x7c
1873,|,0x7c
1874,|,0x7c
1875,|,0x7c
1876,|,0x7c
1877,|,0x7c
1878,|,0x7c
1879,|,0x7c
1880,|,0x7c
1881,|,0x7c
1882,|,0x7c
1883,|,0x7c
1884,|,0x7c
1885,|,0x7c
1886,|,0x7c
1887,|,0x7c
1888,|,0x7c
1889,|,0x7c
1890,|,0x7c
1891,|,0x7c
1892,|,0x7c
1893,|,0x7c
1894,|,0x7c
1895,|,0x7c
1896,|,0x7c
1897,|,0x7c
1898,|,0x7c
1899,|,0x7c
1900,|,0x7c
1901,|,0x7c
1902,|,0x7c
1903,|,0x7c
1904,|,0x7c
1905,|,0x7c
1906,|,0x7c
1907,|,0x7c
1908,|,0x7c
1909,|,0x7c
1910,|,0x7c
1911,|,0x7c
1912,|,0x7c
1913,|,0x7c
1914,|,0x7c
1915,|,0x7c
1916,|,0x7c
1917,|,0x7c
1918,|,0x7c
1919,|,0x7c
1920,|,0x7c
1921,|,0x7c
1922,|,0x7c
1923,|,0x7c
1924,|,0x7c
1925,|,0x7c
1926,|,0x7c
1927,|,0x7c
1928,|,0x7c
1929,|,0x7c
1930,|,0x7c
1931,|,0x7c
1932,|,0x7c
1933,|,0x7c
1934,|,0x7c
1935,|,0x7c
1936,|,0x7c
1937,|,0x7c
1938,|,0x7c
1939,|,0x7c
1940,|,0x7c
1941,|,0x7c
1942,|,0x7c
1943,|,0x7c
1944,|,0x7c
1945,|,0x7c
1946,|,0x7c
1947,|,0x7c
1948,|,0x7c
1949,|,0x7c
1950,|,0x7c
1951,|,0x7c
1952,|,0x7c
1953,|,0x7c
1954,|,0x7c
1955,|,0x7c
1956,|,0x7c
1957,|,0x7c
1958,|,0x7c
1959,|,0x7c
1960,|,0x7c
1961,|,0x7c
1962,|,0x7c
1963,|,0x7c
1964,|,0x7c
1965,|,0x7c
1966,|,0x7c
1967,|,0x7c
1968,|,0x7c
1969,|,0x7c
1970,|,0x7c
1971,|,0x7c
1972,|,0x7c
1973,|,0x7c
1974,|,0x7c
1975,|,0x7c
1976,|,0x7c
1977,|,0x7c
1978,|,0x7c
1979,|,0x7c
1980,|,0x7c
1981,|,0x7c
1982,|,0x7c
1983,|,0x7c
1984,|,0x7c
1985,|,0x7c
1986,|,0x7c
1987,|,0x7c
1988,|,0x7c
1989,|,0x7c
1990,|,0x7c
1991,|,0x7c
1992,|,0x7c
1993,|,0x7c
1994,|,0x7c
1995,|,0x7c
1996,|,0x7c
1997,|,0x7c
1998,|,0x7c
1999,|,0x7c
2000,|,0x7c
2001,|,0x7c
2002,|,0x7c
2003,|,0x7c
2004,|,0x7c
2005,|,0x7c
2006,|,0x7c
2007,|,0x7c
2008,|,0x7c
2009,|,0x7c
2010,|,0x7c
2011,|,0x7c
2012,|,0x7c
2013,|,0x7c
2014,|,0x7c
2015,|,0x7c
2016,|,0x7c
2017,|,0x7c
2018,|,0x7c
2019,|,0x7c
2020,|,0x7c
2021,|,0x7c
2022,|,0x7c
2023,|,0x7c
2024,|,0x7c
2025,|,0x7c
2026,|,0x7c
2027,|,0x7c
2028,|,0x7c
2029,|,0x7c
2030,|,0x7c
2031,|,0x7c
2032,|,0x7c
2033,|,0x7c
2034,|,0x7c
2035,|,0x7c
2036,|,0x7c
2037,|,0x7c
2038,|,0x7c
2039,|,0x7c
2040,|,0x7c
2041,|,0x7c
2042,|,0x7c
2043,|,0x7c
2044,|,0x7c
2045,|,0x7c
2046,|,0x7c
2047,|,0x7c
2048,|,0x7c
2049,|,0x7c
2050,|,0x7c
2051,|,0x7c
2052,|,0x7c
2053,|,0x7c
2054,|,0x7c
2055,|,0x7c
2056,|,0x7c
2057,|,0x7c
2058,|,0x7c
2059,|,0x7c
2060,|,0x7c
2061,|,0x7c
2062,|,0x7c
2063,|,0x7c
2064,|,0x7c
2065,|,0x7c
2066,|,0x7c
2067,|,0x7c
2068,|,0x7c
2069,|,0x7c
2070,|,0x7c
2071,|,0x7c
2072,|,0x7c
2073,|,0x7c
2074,|,0x7c
2075,|,0x7c
2076,|,0x7c
2077,|,0x7c
2078,|,0x7c
2079,|,0x7c
2080,|,0x7c
2081,|,0x7c
2082,|,0x7c
2083,|,0x7c
2084,|,0x7c
2085,|,0x7c
2086,|,0x7c
2087,|,0x7c
2088,|,0x7c
2089,|,0x7c
2090,|,0x7c
2091,|,0x7c
2092,|,0x7c
2093,|,0x7c
2094,|,0x7c
2095,|,0x7c
2096,|,0x7c
2097,|,0x7c
2098,|,0x7c
2099,|,0x7c
2100,|,0x7c
2101,|,0x7c
2102,|,0x7c
2103,|,0x7c
2104,|,0x7c
2105,|,0x7c
2106,|,0x7c
2107,|,0x7c
2108,|,0x7c
2109,|,0x7c
2110,|,0x7c
2111,|,0x7c
2112,|,0x7c
2113,|,0x7c
2114,|,0x7c
2115,|,0x7c
2116,|,0x7c
2117,|,0x7c
2118,|,0x7c
2119,|,0x7c
2120,|,0x7c
2121,|,0x7c
2122,|,0x7c
2123,|,0x7c
2124,|,0x7c
2125,|,0x7c
2126,|,0x7c
2127,|,0x7c
2128,|,0x7c
2129,|,0x7c
2130,|,0x7c
2131,|,0x7c
2132,|,0x7c
2133,|,0x7c
2134,|,0x7c
2135,|,0x7c
2136,|,0x7c
2137,|,0x7c
2138,|,0x7c
2139,|,0x7c
2140,|,0x7c
2141,|,0x7c
2142,|,0x7c
2143,|,0x7c
2144,|,0x7c
2145,|,0x7c
2146,|,0x7c
2147,|,0x7c
2148,|,0x7c
2149,|,0x7c
2150,|,0x7c
2151,|,0x7c
2152,|,0x7c
2153,|,0x7c
2154,|,0x7c
2155,|,0x7c
2156,|,0x7c
2157,|,0x7c
2158,|,0x7c
2159,|,0x7c
2160,|,0x7c
2161,|,0x7c
2162,|,0x7c
2163,|,0x7c
2164,|,0x7c
2165,|,0x7c
2166,|,0x7c
2167,|,0x7c
2168,|,0x7c
2169,|,0x7c
2170,|,0x7c
2171,|,0x7c
2172,|,0x7c
2173,|,0x7c
2174,|,0x7c
2175,|,0x7c
2176,|,0x7c
2177,|,0x7c
2178,|,0x7c
2179,|,0x7c
2180,|,0x7c
2181,|,0x7c
2182,|,0x7c
2183,|,0x7c
2184,|,0x7c
2185,|,0x7c
2186,|,0x7c
2187,|,0x7c
2188,|,0x7c
2189,|,0x7c
2190,|,0x7c
2191,|,0x7c
2192,|,0x7c
2193,|,0x7c
2194,|,0x7c
2195,|,0x7c
2196,|,0x7c
2197,|,0x7c
2198,|,0x7c
2199,|,0x7c
2200,|,0x7c
2201,|,0x7c
2202,|,0x7c
2203,|,0x7c
2204,|,0x7c
2205,|,0x7c
2206,|,0x7c
2207,|,0x7c
2208,|,0x7c
2209,|,0x7c
2210,|,0x7c
2211,|,0x7c
2212,|,0x7c
2213,|,0x7c
2214,|,0x7c
2215,|,0x7c
2216,|,0x7c
2217,|,0x7c
2218,|,0x7c
2219,|,0x7c
2220,|,0x7c
2221,|,0x7c
2222,|,0x7c
2223,|,0x7c
2224,|,0x7c
2225,|,0x7c
2226,|,0x7c
2227,|,0x7c
2228,|,0x7c
2229,|,0x7c
2230,|,0x7c
2231,|,0x7c
2232,|,0x7c
2233,|,0x7c
2234,|,0x7c
2235,|,0x7c
2236,|,0x7c
2237,|,0x7c
2238,|,0x7c
2239,|,0x7c
2240,|,0x7c
2241,|,0x7c
2242,|,0x7c
2243,|,0x7c
2244,|,0x7c
2245,|,0x7c
2246,|,0x7c
2247,|,0x7c
2248,|,0x7c
2249,|,0x7c
2250,|,0x7c
2251,|,0x7c
2252,|,0x7c
2253,|,0x7c
2254,|,0x7c
2255,|,0x7c
2256,|,0x7c
2257,|,0x7c
2258,|,0x7c
2259,|,0x7c
2260,|,0x7c
2261,|,0x7c
2262,|,0x7c
2263,|,0x7c
2264,|,0x7c
2265,|,0x7c
2266,|,0x7c
2267,|,0x7c
2268,|,0x7c
2269,|,0x7c
2270,|,0x7c
2271,|,0x7c
2272,|,0x7c
2273,|,0x7c
2274,|,0x7c
2275,|,0x7c
2276,|,0x7c
2277,|,0x7c
2278,|,0x7c
2279,|,0x7c
2280,|,0x7c
2281,|,0x7c
2282,|,0x7c
2283,|,0x7c
2284,|,0x7c
2285,|,0x7c
2286,|,0x7c
2287,|,0x7c
2288,|,0x7c
2289,|,0x7c
2290,|,0x7c
2291,|,0x7c
2292,|,0x7c
2293,|,0x7c
2294,|,0x7c
2295,|,0x7c
2296,|,0x7c
2297,|,0x7c
2298,|,0x7c
2299,|,0x7c
2300,|,0x7c
2301,|,0x7c
2302,|,0x7c
2303,|,0x7c
2304,|,0x7c
2305,|,0x7c
2306,|,0x7c
2307,|,0x7c
2308,|,0x7c
2309,|,0x7c
2310,|,0x7c
2311,|,0x7c
2312,|,0x7c
2313,|,0x7c
2314,|,0x7c
2315,|,0x7c
2316,|,0x7c
2317,|,0x7c
2318,|,0x7c
2319,|,0x7c
2320,|,0x7c
2321,|,0x7c
2322,|,0x7c
2323,|,0x7c
2324,|,0x7c
2325,|,0x7c
2326,|,0x7c
2327,|,0x7c
2328,|,0x7c
2329,|,0x7c
2330,|,0x7c
2331,|,0x7c
2332,|,0x7c
2333,|,0x7c
2334,|,0x7c
2335,|,0x7c
2336,|,0x7c
2337,|,0x7c
2338,|,0x7c
2339,|,0x7c
2340,|,0x7c
2341,|,0x7c
2342,|,0x7c
2343,|,0x7c
2344,|,0x7c
2345,|,0x7c
2346,|,0x7c
2347,|,0x7c
2348,|,0x7c
2349,|,0x7c
2350,|,0x7c
2351,|,0x7c
2352,|,0x7c
2353,|,0x7c
2354,|,0x7c
2355,|,0x7c
2356,|,0x7c
2357,|,0x7c
2358,|,0x7c
2359,|,0x7c
2360,|,0x7c
2361,|,0x7c
2362,|,0x7c
2363,|,0x7c
2364,|,0x7c
2365,|,0x7c
2366,|,0x7c
2367,|,0x7c
2368,|,0x7c
2369,|,0x7c
2370,|,0x7c
2371,|,0x7c
2372,|,0x7c
2373,|,0x7c
2374,|,0x7c
2375,|,0x7c
2376,|,0x7c
2377,|,0x7c
2378,|,0x7c
2379,|,0x7c
2380,|,0x7c
2381,|,0x7c
2382,|,0x7c
2383,|,0x7c
2384,|,0x7c
2385,|,0x7c
2386,|,0x7c
2387,|,0x7c
2388,|,0x7c
2389,|,0x7c
2390,|,0x7c
2391,|,0x7c
2392,|,0x7c
2393,|,0x7c
2394,|,0x7c
2395,|,0x7c
2396,|,0x7c
2397,|,0x7c
2398,|,0x7c
2399,|,0x7c
2400,|,0x7c
2401,|,0x7c
2402,|,0x7c
2403,|,0x7c
2404,|,0x7c
2405,|,0x7c
2406,|,0x7c
2407,|,0x7c
2408,|,0x7c
2409,|,0x7c
2410,|,0x7c
2411,|,0x7c
2412,|,0x7c
2413,|,0x7c
2414,|,0x7c
2415,|,0x7c
2416,|,0x7c
2417,|,0x7c
2418,|,0x7c
2419,|,0x7c
2420,|,0x7c
2421,|,0x7c
2422,|,0x7c
2423,|,0x7c
2424,|,0x7c
2425,|,0x7c
2426,|,0x7c
2427,|,0x7c
2428,|,0x7c
2429,|,0x7c
2430,|,0x7c
2431,|,0x7c
2432,|,0x7c
2433,|,0x7c
2434,|,0x7c
2435,|,0x7c
2436,|,0x7c
2437,|,0x7c
2438,|,0x7c
2439,|,0x7c
2440,|,0x7c
2441,|,0x7c
2442,|,0x7c
2443,|,0x7c
2444,|,0x7c
2445,|,0x7c
2446,|,0x7c
2447,|,0x7c
2448,|,0x7c
2449,|,0x7c
2450,|,0x7c
2451,|,0x7c
2452,|,0x7c
2453,|,0x7c
2454,|,0x7c
2455,|,0x7c
2456,|,0x7c
2457,|,0x7c
2458,|,0x7c
2459,|,0x7c
2460,|,0x7c
2461,|,0x7c
2462,|,0x7c
2463,|,0x7c
2464,|,0x7c
2465,|,0x7c
2466,|,0x7c
2467,|,0x7c
2468,|,0x7c
2469,|,0x7c
2470,|,0x7c
2471,|,0x7c
2472,|,0x7c
2473,|,0x7c
2474,|,0x7c
2475,|,0x7c
2476,|,0x7c
2477,|,0x7c
2478,|,0x7c
2479,|,0x7c
2480,|,0x7c
2481,|,0x7c
2482,|,0x7c
2483,|,0x7c
2484,|,0x7c
2485,|,0x7c
2486,|,0x7c
2487,|,0x7c
2488,|,0x7c
2489,|,0x7c
2490,|,0x7c
2491,|,0x7c
2492,|,0x7c
2493,|,0x7c
2494,|,0x7c
2495,|,0x7c
2496,|,0x7c
2497,|,0x7c
2498,|,0x7c
2499,|,0x7c
2500,|,0x7c
2501,|,0x7c
2502,|,0x7c
2503,|,0x7c
2504,|,0x7c
2505,|,0x7c
2506,|,0x7c
2507,|,0x7c
2508,|,0x7c
2509,|,0x7c
2510,|,0x7c
2511,|,0x7c
2512,|,0x7c
2513,|,0x7c
2514,|,0x7c
2515,|,0x7c
2516,|,0x7c
2517,|,0x7c
2518,|,0x7c
2519,|,0x7c
2520,|,0x7c
2521,|,0x7c
2522,|,0x7c
2523,|,0x7c
2524,|,0x7c
2525,|,0x7c
2526,|,0x7c
2527,|,0x7c
2528,|,0x7c
2529,|,0x7c
2530,|,0x7c
2531,|,0x7c
2532,|,0x7c
2533,|,0x7c
2534,|,0x7c
2535,|,0x7c
2536,|,0x7c
2537,|,0x7c
2538,|,0x7c
2539,|,0x7c
2540,|,0x7c
2541,|,0x7c
2542,|,0x7c
2543,|,0x7c
2544,|,0x7c
2545,|,0x7c
2546,|,0x7c
2547,|,0x7c
2548,|,0x7c
2549,|,0x7c
2550,|,0x7c
2551,|,0x7c
2552,|,0x7c
2553,|,0x7c
2554,|,0x7c
2555,|,0x7c
2556,|,0x7c
2557,|,0x7c
2558,|,0x7c
2559,|,0x7c
2560,|,0x7c
2561,|,0x7c
2562,|,0x7c
2563,|,0x7c
2564,|,0x7c
2565,|,0x7c
2566,|,0x7c
2567,|,0x7c
2568,|,0x7c
2569,|,0x7c
2570,|,0x7c
2571,|,0x7c
2572,|,0x7c
2573,|,0x7c
2574,|,0x7c
2575,|,0x7c
2576,|,0x7c
2577,|,0x7c
2578,|,0x7c
2579,|,0x7c
2580,|,0x7c
2581,|,0x7c
2582,|,0x7c
2583,|,0x7c
2584,|,0x7c
2585,|,0x7c
2586,|,0x7c
2587,|,0x7c
2588,|,0x7c
2589,|,0x7c
2590,|,0x7c
2591,|,0x7c
2592,|,0x7c
2593,|,0x7c
2594,|,0x7c
2595,|,0x7c
2596,|,0x7c
2597,|,0x7c
2598,|,0x7c
2599,|,0x7c
2600,|,0x7c
2601,|,0x7c
2602,|,0x7c
2603,|,0x7c
2604,|,0x7c
2605,|,0x7c
2606,|,0x7c
2607,|,0x7c
2608,|,0x7c
2609,|,0x7c
2610,|,0x7c
2611,|,0x7c
2612,|,0x7c
2613,|,0x7c
2614,|,0x7c
2615,|,0x7c
2616,|,0x7c
2617,|,0x7c
2618,|,0x7c
2619,|,0x7c
2620,|,0x7c
2621,|,0x7c
2622,|,0x7c
2623,|,0x7c
2624,|,0x7c
2625,|,0x7c
2626,|,0x7c
2627,|,0x7c
2628,|,0x7c
2629,|,0x7c
2630,|,0x7c
2631,|,0x7c
2632,|,0x7c
2633,|,0x7c
2634,|,0x7c
2635,|,0x7c
2636,|,0x7c
2637,|,0x7c
2638,|,0x7c
2639,|,0x7c
2640,|,0x7c
2641,|,0x7c
2642,|,0x7c
2643,|,0x7c
2644,|,0x7c
2645,|,0x7c
2646,|,0x7c
2647,|,0x7c
2648,|,0x7c
2649,|,0x7c
2650,|,0x7c
2651,|,0x7c
2652,|,0x7c
2653,|,0x7c
2654,|,0x7c
2655,|,0x7c
2656,|,0x7c
2657,|,0x7c
2658,|,0x7c
2659,|,0x7c
2660,|,0x7c
2661,|,0x7c
2662,|,0x7c
2663,|,0x7c
2664,|,0x7c
2665,|,0x7c
2666,|,0x7c
2667,|,0x7c
2668,|,0x7c
2669,|,0x7c
2670,|,0x7c
2671,|,0x7c
2672,|,0x7c
2673,|,0x7c
2674,|,0x7c
2675,|,0x7c
2676,|,0x7c
2677,|,0x7c
2678,|,0x7c
2679,|,0x7c
2680,|,0x7c
2681,|,0x7c
2682,|,0x7c
2683,|,0x7c
2684,|,0x7c
2685,|,0x7c
2686,|,0x7c
2687,|,0x7c
2688,|,0x7c
2689,|,0x7c
2690,|,0x7c
2691,|,0x7c
2692,|,0x7c
2693,|,0x7c
2694,|,0x7c
2695,|,0x7c
2696,|,0x7c
2697,|,0x7c
2698,|,0x7c
2699,|,0x7c
2700,|,0x7c
2701,|,0x7c
2702,|,0x7c
2703,|,0x7c
2704,|,0x7c
2705,|,0x7c
2706,|,0x7c
2707,|,0x7c
2708,|,0x7c
2709,|,0x7c
2710,|,0x7c
2711,|,0x7c
2712,|,0x7c
2713,|,0x7c
2714,|,0x7c
2715,|,0x7c
2716,|,0x7c
2717,|,0x7c
2718,|,0x7c
2719,|,0x7c
2720,|,0x7c
2721,|,0x7c
2722,|,0x7c
2723,|,0x7c
2724,|,0x7c
2725,|,0x7c
2726,|,0x7c
2727,|,0x7c
2728,|,0x7c
2729,|,0x7c
2730,|,0x7c
2731,|,0x7c
2732,|,0x7c
2733,|,0x7c
2734,|,0x7c
2735,|,0x7c
2736,|,0x7c
2737,|,0x7c
2738,|,0x7c
2739,|,0x7c
2740,|,0x7c
2741,|,0x7c
2742,|,0x7c
2743,|,0x7c
2744,|,0x7c
2745,|,0x7c
2746,|,0x7c
2747,|,0x7c
2748,|,0x7c
2749,|,0x7c
2750,|,0x7c
2751,|,0x7c
2752,|,0x7c
2753,|,0x7c
2754,|,0x7c
2755,|,0x7c
2756,|,0x7c
2757,|,0x7c
2758,|,0x7c
2759,|,0x7c
2760,|,0x7c
2761,|,0x7c
2762,|,0x7c
2763,|,0x7c
2764,|,0x7c
2765,|,0x7c
2766,|,0x7c
2767,|,0x7c
2768,|,0x7c
2769,|,0x7c
2770,|,0x7c
2771,|,0x7c
2772,|,0x7c
2773,|,0x7c
2774,|,0x7c
2775,|,0x7c
2776,|,0x7c
2777,|,0x7c
2778,|,0x7c
2779,|,0x7c
2780,|,0x7c
2781,|,0x7c
2782,|,0x7c
2783,|,0x7c
2784,|,0x7c
2785,|,0x7c
2786,|,0x7c
2787,|,0x7c
2788,|,0x7c
2789,|,0x7c
2790,|,0x7c
2791,|,0x7c
2792,|,0x7c
2793,|,0x7c
2794,|,0x7c
2795,|,0x7c
2796,|,0x7c
2797,|,0x7c
2798,|,0x7c
2799,|,0x7c
2800,|,0x7c
2801,|,0x7c
2802,|,0x7c
2803,|,0x7c
2804,|,0x7c
2805,|,0x7c
2806,|,0x7c
2807,|,0x7c
2808,|,0x7c
2809,|,0x7c
2810,|,0x7c
2811,|,0x7c
2812,|,0x7c
2813,|,0x7c
2814,|,0x7c
2815,|,0x7c
2816,|,0x7c
2817,|,0x7c
2818,|,0x7c
2819,|,0x7c
2820,|,0x7c
2821,|,0x7c
2822,|,0x7c
2823,|,0x7c
2824,|,0x7c
2825,|,0x7c
2826,|,0x7c
2827,|,0x7c
2828,|,0x7c
2829,|,0x7c
2830,|,0x7c
2831,|,0x7c
2832,|,0x7c
2833,|,0x7c
2834,|,0x7c
2835,|,0x7c
2836,|,0x7c
2837,|,0x7c
2838,|,0x7c
2839,|,0x7c
2840,|,0x7c
2841,|,0x7c
2842,|,0x7c
2843,|,0x7c
2844,|,0x7c
2845,|,0x7c
2846,|,0x7c
2847,|,0x7c
2848,|,0x7c
2849,|,0x7c
2850,|,0x7c
2851,|,0x7c
2852,|,0x7c
2853,|,0x7c
2854,|,0x7c
2855,|,0x7c
2856,|,0x7c
2857,|,0x7c
2858,|,0x7c
2859,|,0x7c
2860,|,0x7c
2861,|,0x7c
2862,|,0x7c
2863,|,0x7c
2864,|,0x7c
2865,|,0x7c
2866,|,0x7c
2867,|,0x7c
2868,|,0x7c
2869,|,0x7c
2870,|,0x7c
2871,|,0x7c
2872,|,0x7c
2873,|,0x7c
2874,|,0x7c
2875,|,0x7c
2876,|,0x7c
2877,|,0x7c
2878,|,0x7c
2879,|,0x7c
2880,|,0x7c
2881,|,0x7c
2882,|,0x7c
2883,|,0x7c
2884,|,0x7c
2885,|,0x7c
2886,|,0x7c
2887,|,0x7c
2888,|,0x7c
2889,|,0x7c
2890,|,0x7c
2891,|,0x7c
2892,|,0x7c
2893,|,0x7c
2894,|,0x7c
2895,|,0x7c
2896,|,0x7c
2897,|,0x7c
2898,|,0x7c
2899,|,0x7c
2900,|,0x7c
2901,|,0x7c
2902,|,0x7c
2903,|,0x7c
2904,|,0x7c
2905,|,0x7c
2906,|,0x7c
2907,|,0x7c
2908,|,0x7c
2909,|,0x7c
2910,|,0x7c
2911,|,0x7c
2912,|,0x7c
2913,|,0x7c
2914,|,0x7c
2915,|,0x7c
2916,|,0x7c
2917,|,0x7c
2918,|,0x7c
2919,|,0x7c
2920,|,0x7c
2921,|,0x7c
2922,|,0x7c
2923,|,0x7c
2924,|,0x7c
2925,|,0x7c
2926,|,0x7c
2927,|,0x7c
2928,|,0x7c
2929,|,0x7c
2930,|,0x7c
2931,|,0x7c
2932,|,0x7c
2933,|,0x7c
2934,|,0x7c
2935,|,0x7c
2936,|,0x7c
2937,|,0x7c
2938,|,0x7c
2939,|,0x7c
2940,|,0x7c
2941,|,0x7c
2942,|,0x7c
2943,|,0x7c
2944,|,0x7c
2945,|,0x7c
2946,|,0x7c
2947,|,0x7c
2948,|,0x7c
2949,|,0x7c
2950,|,0x7c
2951,|,0x7c
2952,|,0x7c
2953,|,0x7c
2954,|,0x7c
2955,|,0x7c
2956,|,0x7c
2957,|,0x7c
2958,|,0x7c
2959,|,0x7c
2960,|,0x7c
2961,|,0x7c
2962,|,0x7c
2963,|,0x7c
2964,|,0x7c
2965,|,0x7c
2966,|,0x7c
2967,|,0x7c
2968,|,0x7c
2969,|,0x7c
2970,|,0x7c
2971,|,0x7c
2972,|,0x7c
2973,|,0x7c
2974,|,0x7c
2975,|,0x7c
2976,|,0x7c
2977,|,0x7c
2978,|,0x7c
2979,|,0x7c
2980,|,0x7c
2981,|,0x7c
2982,|,0x7c
2983,|,0x7c
2984,|,0x7c
2985,|,0x7c
2986,|,0x7c
2987,|,0x7c
2988,|,0x7c
2989,|,0x7c
2990,|,0x7c
2991,|,0x7c
2992,|,0x7c
2993,|,0x7c
2994,|,0x7c
2995,|,0x7c
2996,|,0x7c
2997,|,0x7c
2998,|,0x7c
2999,|,0x7c
3000,|,0x7c
3001,|,0x7c
3002,|,0x7c
3003,|,0x7c
3004,|,0x7c
3005,|,0x7c
3006,|,0x7c
3007,|,0x7c
3008,|,0x7c
3009,|,0x7c
3010,|,0x7c
3011,|,0x7c
3012,|,0x7c
3013,|,0x7c
3014,|,0x7c
3015,|,0x7c
3016,|,0x7c
3017,|,0x7c
3018,|,0x7c
3019,|,0x7c
3020,|,0x7c
3021,|,0x7c
3022,|,0x7c
3023,|,0x7c
3024,|,0x7c
3025,|,0x7c
3026,|,0x7c
3027,|,0x7c
3028,|,0x7c
3029,|,0x7c
3030,|,0x7c
3031,|,0x7c
3032,|,0x7c
3033,|,0x7c
3034,|,0x7c
3035,|,0x7c
3036,|,0x7c
3037,|,0x7c
3038,|,0x7c
3039,|,0x7c
3040,|,0x7c
3041,|,0x7c
3042,|,0x7c
3043,|,0x7c
3044,|,0x7c
3045,|,0x7c
3046,|,0x7c
3047,|,0x7c
3048,|,0x7c
3049,|,0x7c
3050,|,0x7c
3051,|,0x7c
3052,|,0x7c
3053,|,0x7c
3054,|,0x7c
3055,|,0x7c
3056,|,0x7c
3057,|,0x7c
3058,|,0x7c
3059,|,0x7c
3060,|,0x7c
3061,|,0x7c
3062,|,0x7c
3063,|,0x7c
3064,|,0x7c
3065,|,0x7c
3066,|,0x7c
3067,|,0x7c
3068,|,0x7c
3069,|,0x7c
3070,|,0x7c
3071,|,0x7c
3072,|,0x7c
3073,|,0x7c
3074,|,0x7c
3075,|,0x7c
3076,|,0x7c
3077,|,0x7c
3078,|,0x7c
3079,|,0x7c
3080,|,0x7c
3081,|,0x7c
3082,|,0x7c
3083,|,0x7c
3084,|,0x7c
3085,|,0x7c
3086,|,0x7c
3087,|,0x7c
3088,|,0x7c
3089,|,0x7c
3090,|,0x7c
3091,|,0x7c
3092,|,0x7c
3093,|,0x7c
3094,|,0x7c
3095,|,0x7c
3096,|,0x7c
3097,|,0x7c
3098,|,0x7c
3099,|,0x7c
3100,|,0x7c
3101,|,0x7c
3102,|,0x7c
3103,|,0x7c
3104,|,0x7c
3105,|,0x7c
3106,|,0x7c
3107,|,0x7c
3108,|,0x7c
3109,|,0x7c
3110,|,0x7c
3111,|,0x7c
3112,|,0x7c
3113,|,0x7c
3114,|,0x7c
3115,|,0x7c
3116,|,0x7c
3117,|,0x7c
3118,|,0x7c
3119,|,0x7c
3120,|,0x7c
3121,|,0x7c
3122,|,0x7c
3123,|,0x7c
3124,|,0x7c
3125,|,0x7c
3126,|,0x7c
3127,|,0x7c
3128,|,0x7c
3129,|,0x7c
3130,|,0x7c
3131,|,0x7c
3132,|,0x7c
3133,|,0x7c
3134,|,0x7c
3135,|,0x7c
3136,|,0x7c
3137,|,0x7c
3138,|,0x7c
3139,|,0x7c
3140,|,0x7c
3141,|,0x7c
3142,|,0x7c
3143,|,0x7c
3144,|,0x7c
3145,|,0x7c
3146,|,0x7c
3147,|,0x7c
3148,|,0x7c
3149,|,0x7c
3150,|,0x7c
3151,|,0x7c
3152,|,0x7c
3153,|,0x7c
3154,|,0x7c
3155,|,0x7c
3156,|,0x7c
3157,|,0x7c
3158,|,0x7c
3159,|,0x7c
3160,|,0x7c
3161,|,0x7c
3162,|,0x7c
3163,|,0x7c
3164,|,0x7c
3165,|,0x7c
3166,|,0x7c
3167,|,0x7c
3168,|,0x7c
3169,|,0x7c
3170,|,0x7c
3171,|,0x7c
3172,|,0x7c
3173,|,0x7c
3174,|,0x7c
3175,|,0x7c
3176,|,0x7c
3177,|,0x7c
3178,|,0x7c
3179,|,0x7c
3180,|,0x7c
3181,|,0x7c
3182,|,0x7c
3183,|,0x7c
3184,|,0x7c
3185,|,0x7c
3186,|,0x7c
3187,|,0x7c
3188,|,0x7c
3189,|,0x7c
3190,|,0x7c
3191,|,0x7c
3192,|,0x7c
3193,|,0x7c
3194,|,0x7c
3195,|,0x7c
3196,|,0x7c
3197,|,0x7c
3198,|,0x7c
3199,|,0x7c
3200,|,0x7c
3201,|,0x7c
3202,|,0x7c
3203,|,0x7c
3204,|,0x7c
3205,|,0x7c
3206,|,0x7c
3207,|,0x7c
3208,|,0x7c
3209,|,0x7c
3210,|,0x7c
3211,|,0x7c
3212,|,0x7c
3213,|,0x7c
3214,|,0x7c
3215,|,0x7c
3216,|,0x7c
3217,|,0x7c
3218,|,0x7c
3219,|,0x7c
3220,|,0x7c
3221,|,0x7c
3222,|,0x7c
3223,|,0x7c
3224,|,0x7c
3225,|,0x7c
3226,|,0x7c
3227,|,0x7c
3228,|,0x7c
3229,|,0x7c
3230,|,0x7c
3231,|,0x7c
3232,|,0x7c
3233,|,0x7c
3234,|,0x7c
3235,|,0x7c
3236,|,0x7c
3237,|,0x7c
3238,|,0x7c
3239,|,0x7c
3240,|,0x7c
3241,|,0x7c
3242,|,0x7c
3243,|,0x7c
3244,|,0x7c
3245,|,0x7c
3246,|,0x7c
3247,|,0x7c
3248,|,0x7c
3249,|,0x7c
3250,|,0x7c
3251,|,0x7c
3252,|,0x7c
3253,|,0x7c
3254,|,0x7c
3255,|,0x7c
3256,|,0x7c
3257,|,0x7c
3258,|,0x7c
3259,|,0x7c
3260,|,0x7c
3261,|,0x7c
3262,|,0x7c
3263,|,0x7c
3264,|,0x7c
3265,|,0x7c
3266,|,0x7c
3267,|,0x7c
3268,|,0x7c
3269,|,0x7c
3270,|,0x7c
3271,|,0x7c
3272,|,0x7c
3273,|,0x7c
3274,|,0x7c
3275,|,0x7c
3276,|,0x7c
3277,|,0x7c
3278,|,0x7c
3279,|,0x7c
3280,|,0x7c
3281,|,0x7c
3282,|,0x7c
3283,|,0x7c
3284,|,0x7c
3285,|,0x7c
3286,|,0x7c
3287,|,0x7c
3288,|,0x7c
3289,|,0x7c
3290,|,0x7c
3291,|,0x7c
3292,|,0x7c
3293,|,0x7c
3294,|,0x7c
3295,|,0x7c
3296,|,0x7c
3297,|,0x7c
3298,|,0x7c
3299,|,0x7c
3300,|,0x7c
3301,|,0x7c
3302,|,0x7c
3303,|,0x7c
3304,|,0x7c
3305,|,0x7c
3306,|,0x7c
3307,|,0x7c
3308,|,0x7c
3309,|,0x7c
3310,|,0x7c
3311,|,0x7c
3312,|,0x7c
3313,|,0x7c
3314,|,0x7c
3315,|,0x7c
3316,|,0x7c
3317,|,0x7c
3318,|,0x7c
3319,|,0x7c
3320,|,0x7c
3321,|,0x7c
3322,|,0x7c
3323,|,0x7c
3324,|,0x7c
3325,|,0x7c
3326,|,0x7c
3327,|,0x7c
3328,|,0x7c
3329,|,0x7c
3330,|,0x7c
3331,|,0x7c
3332,|,0x7c
3333,|,0x7c
3334,|,0x7c
3335,|,0x7c
3336,|,0x7c
3337,|,0x7c
3338,|,0x7c
3339,|,0x7c
3340,|,0x7c
3341,|,0x7c
3342,|,0x7c
3343,|,0x7c
3344,|,0x7c
3345,|,0x7c
3346,|,0x7c
3347,|,0x7c
3348,|,0x7c
3349,|,0x7c
3350,|,0x7c
3351,|,0x7c
3352,|,0x7c
3353,|,0x7c
3354,|,0x7c
3355,|,0x7c
3356,|,0x7c
3357,|,0x7c
3358,|,0x7c
3359,|,0x7c
3360,|,0x7c
3361,|,0x7c
3362,|,0x7c
3363,|,0x7c
3364,|,0x7c
3365,|,0x7c
3366,|,0x7c
3367,|,0x7c
3368,|,0x7c
3369,|,0x7c
3370,|,0x7c
3371,|,0x7c
3372,|,0x7c
3373,|,0x7c
3374,|,0x7c
3375,|,0x7c
3376,|,0x7c
3377,|,0x7c
3378,|,0x7c
3379,|,0x7c
3380,|,0x7c
3381,|,0x7c
3382,|,0x7c
3383,|,0x7c
3384,|,0x7c
3385,|,0x7c
3386,|,0x7c
3387,|,0x7c
3388,|,0x7c
3389,|,0x7c
3390,|,0x7c
3391,|,0x7c
3392,|,0x7c
3393,|,0x7c
3394,|,0x7c
3395,|,0x7c
3396,|,0x7c
3397,|,0x7c
3398,|,0x7c
3399,|,0x7c
3400,|,0x7c
3401,|,0x7c
3402,|,0x7c
3403,|,0x7c
3404,|,0x7c
3405,|,0x7c
3406,|,0x7c
3407,|,0x7c
3408,|,0x7c
3409,|,0x7c
3410,|,0x7c
3411,|,0x7c
3412,|,0x7c
3413,|,0x7c
3414,|,0x7c
3415,|,0x7c
3416,|,0x7c
3417,|,0x7c
3418,|,0x7c
3419,|,0x7c
3420,|,0x7c
3421,|,0x7c
3422,|,0x7c
3423,|,0x7c
3424,|,0x7c
3425,|,0x7c
3426,|,0x7c
3427,|,0x7c
3428,|,0x7c
3429,|,0x7c
3430,|,0x7c
3431,|,0x7c
3432,|,0x7c
3433,|,0x7c
3434,|,0x7c
3435,|,0x7c
3436,|,0x7c
3437,|,0x7c
3438,|,0x7c
3439,|,0x7c
3440,|,0x7c
3441,|,0x7c
3442,|,0x7c
3443,|,0x7c
3444,|,0x7c
3445,|,0x7c
3446,|,0x7c
3447,|,0x7c
3448,|,0x7c
3449,|,0x7c
3450,|,0x7c
3451,|,0x7c
3452,|,0x7c
3453,|,0x7c
3454,|,0x7c
3455,|,0x7c
3456,|,0x7c
3457,|,0x7c
3458,|,0x7c
3459,|,0x7c
3460,|,0x7c
3461,|,0x7c
3462,|,0x7c
3463,|,0x7c
3464,|,0x7c
3465,|,0x7c
3466,|,0x7c
3467,|,0x7c
3468,|,0x7c
3469,|,0x7c
3470,|,0x7c
3471,|,0x7c
3472,|,0x7c
3473,|,0x7c
3474,|,0x7c
3475,|,0x7c
3476,|,0x7c
3477,|,0x7c
3478,|,0x7c
3479,|,0x7c
3480,|,0x7c
3481,|,0x7c
3482,|,0x7c
3483,|,0x7c
3484,|,0x7c
3485,|,0x7c
3486,|,0x7c
3487,|,0x7c
3488,|,0x7c
3489,|,0x7c
3490,|,0x7c
3491,|,0x7c
3492,|,0x7c
3493,|,0x7c
3494,|,0x7c
3495,|,0x7c
3496,|,0x7c
3497,|,0x7c
3498,|,0x7c
3499,|,0x7c
3500,|,0x7c
3501,|,0x7c
3502,|,0x7c
3503,|,0x7c
3504,|,0x7c
3505,|,0x7c
3506,|,0x7c
3507,|,0x7c
3508,|,0x7c
3509,|,0x7c
3510,|,0x7c
3511,|,0x7c
3512,|,0x7c
3513,|,0x7c
3514,|,0x7c
3515,|,0x7c
3516,|,0x7c
3517,|,0x7c
3518,|,0x7c
3519,|,0x7c
3520,|,0x7c
3521,|,0x7c
3522,|,0x7c
3523,|,0x7c
3524,|,0x7c
3525,|,0x7c
3526,|,0x7c
3527,|,0x7c
3528,|,0x7c
3529,|,0x7c
3530,|,0x7c
3531,|,0x7c
3532,|,0x7c
3533,|,0x7c
3534,|,0x7c
3535,|,0x7c
3536,|,0x7c
3537,|,0x7c
3538,|,0x7c
3539,|,0x7c
3540,|,0x7c
3541,|,0x7c
3542,|,0x7c
3543,|,0x7c
3544,|,0x7c
3545,|,0x7c
3546,|,0x7c
3547,|,0x7c
3548,|,0x7c
3549,|,0x7c
3550,|,0x7c
3551,|,0x7c
3552,|,0x7c
3553,|,0x7c
3554,|,0x7c
3555,|,0x7c
3556,|,0x7c
3557,|,0x7c
3558,|,0x7c
3559,|,0x7c
3560,|,0x7c
3561,|,0x7c
3562,|,0x7c
3563,|,0x7c
3564,|,0x7c
3565,|,0x7c
3566,|,0x7c
3567,|,0x7c
3568,|,0x7c
3569,|,0x7c
3570,|,0x7c
3571,|,0x7c
3572,|,0x7c
3573,|,0x7c
3574,|,0x7c
3575,|,0x7c
3576,|,0x7c
3577,|,0x7c
3578,|,0x7c
3579,|,0x7c
3580,|,0x7c
3581,|,0x7c
3582,|,0x7c
3583,|,0x7c
3584,|,0x7c
3585,|,0x7c
3586,|,0x7c
3587,|,0x7c
3588,|,0x7c
3589,|,0x7c
3590,|,0x7c
3591,|,0x7c
3592,|,0x7c
3593,|,0x7c
3594,|,0x7c
3595,|,0x7c
3596,|,0x7c
3597,|,0x7c
3598,|,0x7c
3599,|,0x7c
3600,|,0x7c
3601,|,0x7c
3602,|,0x7c
3603,|,0x7c
3604,|,0x7c
3605,|,0x7c
3606,|,0x7c
3607,|,0x7c
3608,|,0x7c
3609,|,0x7c
3610,|,0x7c
3611,|,0x7c
3612,|,0x7c
3613,|,0x7c
3614,|,0x7c
3615,|,0x7c
3616,|,0x7c
3617,|,0x7c
3618,|,0x7c
3619,|,0x7c
3620,|,0x7c
3621,|,0x7c
3622,|,0x7c
3623,|,0x7c
3624,|,0x7c
3625,|,0x7c
3626,|,0x7c
3627,|,0x7c
3628,|,0x7c
3629,|,0x7c
3630,|,0x7c
3631,|,0x7c
3632,|,0x7c
3633,|,0x7c
3634,|,0x7c
3635,|,0x7c
3636,|,0x7c
3637,|,0x7c
3638,|,0x7c
3639,|,0x7c
3640,|,0x7c
3641,|,0x7c
3642,|,0x7c
3643,|,0x7c
3644,|,0x7c
3645,|,0x7c
3646,|,0x7c
3647,|,0x7c
3648,|,0x7c
3649,|,0x7c
3650,|,0x7c
3651,|,0x7c
3652,|,0x7c
3653,|,0x7c
3654,|,0x7c
3655,|,0x7c
3656,|,0x7c
3657,|,0x7c
3658,|,0x7c
3659,|,0x7c
3660,|,0x7c
3661,|,0x7c
3662,|,0x7c
3663,|,0x7c
3664,|,0x7c
3665,|,0x7c
3666,|,0x7c
3667,|,0x7c
3668,|,0x7c
3669,|,0x7c
3670,|,0x7c
3671,|,0x7c
3672,|,0x7c
3673,|,0x7c
3674,|,0x7c
3675,|,0x7c
3676,|,0x7c
3677,|,0x7c
3678,|,0x7c
3679,|,0x7c
3680,|,0x7c
3681,|,0x7c
3682,|,0x7c
3683,|,0x7c
3684,|,0x7c
3685,|,0x7c
3686,|,0x7c
3687,|,0x7c
3688,|,0x7c
3689,|,0x7c
3690,|,0x7c
3691,|,0x7c
3692,|,0x7c
3693,|,0x7c
3694,|,0x7c
3695,|,0x7c
3696,|,0x7c
3697,|,0x7c
3698,|,0x7c
3699,|,0x7c
3700,|,0x7c
3701,|,0x7c
3702,|,0x7c
3703,|,0x7c
3704,|,0x7c
3705,|,0x7c
3706,|,0x7c
3707,|,0x7c
3708,|,0x7c
3709,|,0x7c
3710,|,0x7c
3711,|,0x7c
3712,|,0x7c
3713,|,0x7c
3714,|,0x7c
3715,|,0x7c
3716,|,0x7c
3717,|,0x7c
3718,|,0x7c
3719,|,0x7c
3720,|,0x7c
3721,|,0x7c
3722,|,0x7c
3723,|,0x7c
3724,|,0x7c
3725,|,0x7c
3726,|,0x7c
3727,|,0x7c
3728,|,0x7c
3729,|,0x7c
3730,|,0x7c
3731,|,0x7c
3732,|,0x7c
3733,|,0x7c
3734,|,0x7c
3735,|,0x7c
3736,|,0x7c
3737,|,0x7c
3738,|,0x7c
3739,|,0x7c
3740,|,0x7c
3741,|,0x7c
3742,|,0x7c
3743,|,0x7c
3744,|,0x7c
3745,|,0x7c
3746,|,0x7c
3747,|,0x7c
3748,|,0x7c
3749,|,0x7c
3750,|,0x7c
3751,|,0x7c
3752,|,0x7c
3753,|,0x7c
3754,|,0x7c
3755,|,0x7c
3756,|,0x7c
3757,|,0x7c
3758,|,0x7c
3759,|,0x7c
3760,|,0x7c
3761,|,0x7c
3762,|,0x7c
3763,|,0x7c
3764,|,0x7c
3765,|,0x7c
3766,|,0x7c
3767,|,0x7c
3768,|,0x7c
3769,|,0x7c
3770,|,0x7c
3771,|,0x7c
3772,|,0x7c
3773,|,0x7c
3774,|,0x7c
3775,|,0x7c
3776,|,0x7c
3777,|,0x7c
3778,|,0x7c
3779,|,0x7c
3780,|,0x7c
3781,|,0x7c
3782,|,0x7c
3783,|,0x7c
3784,|,0x7c
3785,|,0x7c
3786,|,0x7c
3787,|,0x7c
3788,|,0x7c
3789,|,0x7c
3790,|,0x7c
3791,|,0x7c
3792,|,0x7c
3793,|,0x7c
3794,|,0x7c
3795,|,0x7c
3796,|,0x7c
3797,|,0x7c
3798,|,0x7c
3799,|,0x7c
3800,|,0x7c
3801,|,0x7c
3802,|,0x7c
3803,|,0x7c
3804,|,0x7c
3805,|,0x7c
3806,|,0x7c
3807,|,0x7c
3808,|,0x7c
3809,|,0x7c
3810,|,0x7c
3811,|,0x7c
3812,|,0x7c
3813,|,0x7c
3814,|,0x7c
3815,|,0x7c
3816,|,0x7c
3817,|,0x7c
3818,|,0x7c
3819,|,0x7c
3820,|,0x7c
3821,|,0x7c
3822,|,0x7c
3823,|,0x7c
3824,|,0x7c
3825,|,0x7c
3826,|,0x7c
3827,|,0x7c
3828,|,0x7c
3829,|,0x7c
3830,|,0x7c
3831,|,0x7c
3832,|,0x7c
3833,|,0x7c
3834,|,0x7c
3835,|,0x7c
3836,|,0x7c
3837,|,0x7c
3838,|,0x7c
3839,|,0x7c
3840,|,0x7c
3841,|,0x7c
3842,|,0x7c
3843,|,0x7c
3844,|,0x7c
3845,|,0x7c
3846,|,0x7c
3847,|,0x7c
3848,|,0x7c
3849,|,0x7c
3850,|,0x7c
3851,|,0x7c
3852,|,0x7c
3853,|,0x7c
3854,|,0x7c
3855,|,0x7c
3856,|,0x7c
3857,|,0x7c
3858,|,0x7c
3859,|,0x7c
3860,|,0x7c
3861,|,0x7c
3862,|,0x7c
3863,|,0x7c
3864,|,0x7c
3865,|,0x7c
3866,|,0x7c
3867,|,0x7c
3868,|,0x7c
3869,|,0x7c
3870,|,0x7c
3871,|,0x7c
3872,|,0x7c
3873,|,0x7c
3874,|,0x7c
3875,|,0x7c
3876,|,0x7c
3877,|,0x7c
3878,|,0x7c
3879,|,0x7c
3880,|,0x7c
3881,|,0x7c
3882,|,0x7c
3883,|,0x7c
3884,|,0x7c
3885,|,0x7c
3886,|,0x7c
3887,|,0x7c
3888,|,0x7c
3889,|,0x7c
3890,|,0x7c
3891,|,0x7c
3892,|,0x7c
3893,|,0x7c
3894,|,0x7c
3895,|,0x7c
3896,|,0x7c
3897,|,0x7c
3898,|,0x7c
3899,|,0x7c
3900,|,0x7c
3901,|,0x7c
3902,|,0x7c
3903,|,0x7c
3904,|,0x7c
3905,|,0x7c
3906,|,0x7c
3907,|,0x7c
3908,|,0x7c
3909,|,0x7c
3910,|,0x7c
3911,|,0x7c
3912,|,0x7c
3913,|,0x7c
3914,|,0x7c
3915,|,0x7c
3916,|,0x7c
3917,|,0x7c
3918,|,0x7c
3919,|,0x7c
3920,|,0x7c
3921,|,0x7c
3922,|,0x7c
3923,|,0x7c
3924,|,0x7c
3925,|,0x7c
3926,|,0x7c
3927,|,0x7c
3928,|,0x7c
3929,|,0x7c
3930,|,0x7c
3931,|,0x7c
3932,|,0x7c
3933,|,0x7c
3934,|,0x7c
3935,|,0x7c
3936,|,0x7c
3937,|,0x7c
3938,|,0x7c
3939,|,0x7c
3940,|,0x7c
3941,|,0x7c
3942,|,0x7c
3943,|,0x7c
3944,|,0x7c
3945,|,0x7c
3946,|,0x7c
3947,|,0x7c
3948,|,0x7c
3949,|,0x7c
3950,|,0x7c
3951,|,0x7c
3952,|,0x7c
3953,|,0x7c
3954,|,0x7c
3955,|,0x7c
3956,|,0x7c
3957,|,0x7c
3958,|,0x7c
3959,|,0x7c
3960,|,0x7c
3961,|,0x7c
3962,|,0x7c
3963,|,0x7c
3964,|,0x7c
3965,|,0x7c
3966,|,0x7c
3967,|,0x7c
3968,|,0x7c
3969,|,0x7c
3970,|,0x7c
3971,|,0x7c
3972,|,0x7c
3973,|,0x7c
3974,|,0x7c
3975,|,0x7c
3976,|,0x7c
3977,|,0x7c
3978,|,0x7c
3979,|,0x7c
3980,|,0x7c
3981,|,0x7c
3982,|,0x7c
3983,|,0x7c
3984,|,0x7c
3985,|,0x7c
3986,|,0x7c
3987,|,0x7c
3988,|,0x7c
3989,|,0x7c
3990,|,0x7c
3991,|,0x7c
3992,|,0x7c
3993,|,0x7c
3994,|,0x7c
3995,|,0x7c
3996,|,0x7c
3997,|,0x7c
3998,|,0x7c
3999,|,0x7c
4000,|,0x7c
4001,|,0x7c
4002,|,0x7c
4003,|,0x7c
4004,|,0x7c
4005,|,0x7c
4006,|,0x7c
4007,|,0x7c
4008,|,0x7c
4009,|,0x7c
4010,|,0x7c
4011,|,0x7c
4012,|,0x7c
4013,|,0x7c
4014,|,0x7c
4015,|,0x7c
4016,|,0x7c
4017,|,0x7c
4018,|,0x7c
4019,|,0x7c
4020,|,0x7c
4021,|,0x7c
4022,|,0x7c
4023,|,0x7c
4024,|,0x7c
4025,|,0x7c
4026,|,0x7c
4027,|,0x7c
4028,|,0x7c
4029,|,0x7c
4030,|,0x7c
4031,|,0x7c
4032,|,0x7c
4033,|,0x7c
4034,|,0x7c
4035,|,0x7c
4036,|,0x7c
4037,|,0x7c
4038,|,0x7c
4039,|,0x7c
4040,|,0x7c
4041,|,0x7c
4042,|,0x7c
4043,|,0x7c
4044,|,0x7c
4045,|,0x7c
4046,|,0x7c
4047,|,0x7c
4048,|,0x7c
4049,|,0x7c
4050,|,0x7c
4051,|,0x7c
4052,|,0x7c
4053,|,0x7c
4054,|,0x7c
4055,|,0x7c
4056,|,0x7c
4057,|,0x7c
4058,|,0x7c
4059,|,0x7c
4060,|,0x7c
4061,|,0x7c
4062,|,0x7c
4063,|,0x7c
4064,|,0x7c
4065,|,0x7c
4066,|,0x7c
4067,|,0x7c
4068,|,0x7c
4069,|,0x7c
4070,|,0x7c
4071,|,0x7c
4072,|,0x7c
4073,|,0x7c
4074,|,0x7c
4075,|,0x7c
4076,|,0x7c
4077,|,0x7c
4078,|,0x7c
4079,|,0x7c
4080,|,0x7c
4081,|,0x7c
4082,|,0x7c
4083,|,0x7c
4084,|,0x7c
4085,|,0x7c
4086,|,0x7c
4087,|,0x7c
4088,|,0x7c
4089,|,0x7c
4090,|,0x7c
4091,|,0x7c
4092,|,0x7c
4093,|,0x7c
4094,|,0x7c
4095,|,0x7c
4096,|,0x7c
4097,|,0x7c
4098,|,0x7c
4099,|,0x7c
4100,|,0x7c
4101,|,0x7c
4102,|,0x7c
4103,|,0x7c
4104,|,0x7c
4105,|,0x7c
4106,|,0x7c
4107,|,0x7c
4108,|,0x7c
4109,|,0x7c
4110,|,0x7c
4111,|,0x7c
4112,|,0x7c
4113,|,0x7c
4114,|,0x7c
4115,|,0x7c
4116,|,0x7c
4117,|,0x7c
4118,|,0x7c
4119,|,0x7c
4120,|,0x7c
4121,|,0x7c
4122,|,0x7c
4123,|,0x7c
4124,|,0x7c
4125,|,0x7c
4126,|,0x7c
4127,|,0x7c
4128,|,0x7c
4129,|,0x7c
4130,|,0x7c
4131,|,0x7c
4132,|,0x7c
4133,|,0x7c
4134,|,0x7c
4135,|,0x7c
4136,|,0x7c
4137,|,0x7c
4138,|,0x7c
4139,|,0x7c
4140,|,0x7c
4141,|,0x7c
4142,|,0x7c
4143,|,0x7c
4144,|,0x7c
4145,|,0x7c
4146,|,0x7c
4147,|,0x7c
4148,|,0x7c
4149, ,0x0
4150, ,0x0
4151, ,0x0
4152, ,0x0
4153, ,0x0
4154, ,0x0
4155, ,0x0
4156, ,0x0
4157, ,0x0
4158, ,0x0
4159, ,0x0
4160, ,0x0
4161, ,0x0
4162, ,0x0
4163, ,0x0
4164, ,0x0
4165, ,0x0
4166, ,0x0
4167, ,0x0
4168, ,0x0
4169, ,0x0
4170, ,0x0
4171, ,0x0
4172, ,0x0
4173, ,0x0
4174, ,0x0
4175, ,0x0
4176, ,0x0
4177, ,0x0
4178, ,0x0
4179, ,0x0
4180, ,0x0
4181, ,0x0
4182, ,0x0
4183, ,0x0
4184, ,0x0
4185, ,0x0
4186, ,0x0
4187, ,0x0
4188, ,0x0
4189, ,0x0
4190, ,0x0
4191, ,0x0
4192, ,0x0
4193, ,0x0
4194, ,0x0
4195, ,0x0
4196, ,0x0
4197, ,0x0
4198, ,0x0
4199, ,0x0
4200, ,0x0
4201, ,0x0
4202, ,0x0
4203, ,0x0
4204, ,0x0
4205, ,0x0
4206, ,0x0
4207, ,0x0
4208, ,0x0
4209, ,0x0
4210, ,0x0
4211, ,0x0
4212, ,0x0
4213, ,0x0
4214, ,0x0
4215, ,0x0
4216, ,0x0
4217, ,0x0
4218, ,0x0
4219, ,0x0
4220, ,0x0
4221, ,0x0
4222, ,0x0
4223, ,0x0
4224, ,0x0
4225, ,0x0
4226, ,0x0
4227, ,0x0
4228, ,0x0
4229, ,0x0
4230, ,0x0
4231, ,0x0
4232, ,0x0
4233, ,0x0
4234, ,0x0
4235, ,0x0
4236, ,0x0
4237, ,0x0
4238, ,0x0
4239, ,0x0
4240, ,0x0
4241, ,0x0
4242, ,0x0
4243, ,0x0
4244, ,0x0
4245, ,0x0
4246, ,0x0
4247, ,0x0
4248, ,0x0
4249, ,0x0
4250, ,0x0
4251, ,0x0
4252, ,0x0
4253, ,0x0
4254, ,0x0
4255, ,0x0
4256, ,0x0
4257, ,0x0
4258, ,0x0
4259, ,0x0
4260, ,0x0
4261, ,0x0
4262, ,0x0
4263, ,0x0
4264, ,0x0
4265, ,0x0
4266, ,0x0
4267, ,0x0
4268, ,0x0
4269, ,0x0
4270, ,0x0
4271, ,0x0
4272, ,0x0
4273, ,0x0
4274, ,0x0
4275, ,0x0
4276, ,0x0
4277, ,0x0
4278, ,0x0
4279, ,0x0
4280, ,0x0
4281, ,0x0
4282, ,0x0
4283, ,0x0
4284, ,0x0
4285, ,0x0
4286, ,0x0
4287, ,0x0
4288, ,0x0
4289, ,0x0
4290, ,0x0
4291, ,0x0
4292, ,0x0
4293, ,0x0
4294, ,0x0
4295, ,0x0
4296, ,0x0
4297, ,0x0
4298, ,0x0
4299, ,0x0
4300, ,0x0
4301, ,0x0
4302, ,0x0
4303, ,0x0
4304, ,0x0
4305, ,0x0
4306, ,0x0
4307, ,0x0
4308, ,0x0
4309, ,0x0
4310, ,0x0
4311, ,0x0
4312, ,0x0
4313, ,0x0
4314, ,0x0
4315, ,0x0
4316, ,0x0
4317, ,0x0
4318, ,0x0
4319, ,0x0
4320, ,0x0
4321, ,0x0
4322, ,0x0
4323, ,0x0
4324, ,0x0
4325, ,0x0
4326, ,0x0
4327, ,0x0
4328, ,0x0
4329, ,0x0
4330, ,0x0
4331, ,0x0
4332, ,0x0
4333, ,0x0
4334, ,0x0
4335, ,0x0
4336, ,0x0
4337, ,0x0
4338, ,0x0
4339, ,0x0
4340, ,0x0
4341, ,0x0
4342, ,0x0
4343, ,0x0
4344, ,0x0
4345, ,0x0
4346, ,0x0
4347, ,0x0
4348, ,0x0
4349, ,0x0
4350, ,0x0
4351, ,0x0
4352, ,0x0
4353, ,0x0
4354, ,0x0
4355, ,0x0
4356, ,0x0
4357, ,0x0
4358, ,0x0
4359, ,0x0
4360, ,0x0
4361, ,0x0
4362, ,0x0
4363, ,0x0
4364, ,0x0
4365, ,0x0
4366, ,0x0
4367, ,0x0
4368, ,0x0
4369, ,0x0
4370, ,0x0
4371, ,0x0
4372, ,0x0
4373, ,0x0
4374, ,0x0
4375, ,0x0
4376, ,0x0
4377, ,0x0
4378, ,0x0
4379, ,0x0
4380, ,0x0
4381, ,0x0
4382, ,0x0
4383, ,0x0
4384, ,0x0
4385, ,0x0
4386, ,0x0
4387, ,0x0
4388, ,0x0
4389, ,0x0
4390, ,0x0
4391, ,0x0
4392, ,0x0
4393, ,0x0
4394, ,0x0
4395, ,0x0
4396, ,0x0
4397, ,0x0
4398, ,0x0
4399, ,0x0
4400, ,0x0
4401, ,0x0
4402, ,0x0
4403, ,0x0
4404, ,0x0
4405, ,0x0
4406, ,0x0
4407, ,0x0
4408, ,0x0
4409, ,0x0
4410, ,0x0
4411, ,0x0
4412, ,0x0
4413, ,0x0
4414, ,0x0
4415, ,0x0
4416, ,0x0
4417, ,0x0
4418, ,0x0
4419, ,0x0
4420, ,0x0
4421, ,0x0
4422, ,0x0
4423, ,0x0
4424, ,0x0
4425, ,0x0
4426, ,0x0
4427, ,0x0
4428, ,0x0
4429, ,0x0
4430, ,0x0
4431, ,0x0
4432, ,0x0
4433, ,0x0
4434, ,0x0
4435, ,0x0
4436, ,0x0
4437, ,0x0
4438, ,0x0
4439, ,0x0
4440, ,0x0
4441, ,0x0
4442, ,0x0
4443, ,0x0
4444, ,0x0
4445, ,0x0
4446, ,0x0
4447, ,0x0
4448, ,0x0
4449, ,0x0
4450, ,0x0
4451, ,0x0
4452, ,0x0
4453, ,0x0
4454, ,0x0
4455, ,0x0
4456, ,0x0
4457, ,0x0
4458, ,0x0
4459, ,0x0
4460, ,0x0
4461, ,0x0
4462, ,0x0
4463, ,0x0
4464, ,0x0
4465, ,0x0
4466, ,0x0
4467, ,0x0
4468, ,0x0
4469, ,0x0
4470, ,0x0
4471, ,0x0
4472, ,0x0
4473, ,0x0
4474, ,0x0
4475, ,0x0
4476, ,0x0
4477, ,0x0
4478, ,0x0
4479, ,0x0
4480, ,0x0
4481, ,0x0
4482, ,0x0
4483, ,0x0
4484, ,0x0
4485, ,0x0
4486, ,0x0
4487, ,0x0
4488, ,0x0
4489, ,0x0
4490, ,0x0
4491, ,0x0
4492, ,0x0
4493, ,0x0
4494, ,0x0
4495, ,0x0
4496, ,0x0
4497, ,0x0
4498, ,0x0
4499, ,0x0
4500, ,0x0
4501, ,0x0
4502, ,0x0
4503, ,0x0
4504, ,0x0
4505, ,0x0
4506, ,0x0
4507, ,0x0
4508, ,0x0
4509, ,0x0
4510, ,0x0
4511, ,0x0
4512, ,0x0
4513, ,0x0
4514, ,0x0
4515, ,0x0
4516, ,0x0
4517, ,0x0
4518, ,0x0
4519, ,0x0
4520, ,0x0
4521, ,0x0
4522, ,0x0
4523, ,0x0
4524, ,0x0
4525, ,0x0
4526, ,0x0
4527, ,0x0
4528, ,0x0
4529, ,0x0
4530, ,0x0
4531, ,0x0
4532, ,0x0
4533, ,0x0
4534, ,0x0
4535, ,0x0
4536, ,0x0
4537, ,0x0
4538, ,0x0
4539, ,0x0
4540, ,0x0
4541, ,0x0
4542, ,0x0
4543, ,0x0
4544, ,0x0
4545, ,0x0
4546, ,0x0
4547, ,0x0
4548, ,0x0
4549, ,0x0
4550, ,0x0
4551, ,0x0
4552, ,0x0
4553, ,0x0
4554, ,0x0
4555, ,0x0
4556, ,0x0
4557, ,0x0
4558, ,0x0
4559, ,0x0
4560, ,0x0
4561, ,0x0
4562, ,0x0
4563, ,0x0
4564, ,0x0
4565, ,0x0
4566, ,0x0
4567, ,0x0
4568, ,0x0
4569, ,0x0
4570, ,0x0
4571, ,0x0
4572, ,0x0
4573, ,0x0
4574, ,0x0
4575, ,0x0
4576, ,0x0
4577, ,0x0
4578, ,0x0
4579, ,0x0
4580, ,0x0
4581, ,0x0
4582, ,0x0
4583, ,0x0
4584, ,0x0
4585, ,0x0
4586, ,0x0
4587, ,0x0
4588, ,0x0
4589, ,0x0
4590, ,0x0
4591, ,0x0
4592, ,0x0
4593, ,0x0
4594, ,0x0
4595, ,0x0
4596, ,0x0
4597, ,0x0
4598, ,0x0
4599, ,0x0
4600, ,0x0
4601, ,0x0
4602, ,0x0
4603, ,0x0
4604, ,0x0
4605, ,0x0
4606, ,0x0
4607, ,0x0
4608, ,0x0
4609, ,0x0
4610, ,0x0
4611, ,0x0
4612, ,0x0
4613, ,0x0
4614, ,0x0
4615, ,0x0
4616, ,0x0
4617, ,0x0
4618, ,0x0
4619, ,0x0
4620, ,0x0
4621, ,0x0
4622, ,0x0
4623, ,0x0
4624, ,0x0
4625, ,0x0
4626, ,0x0
4627, ,0x0
4628, ,0x0
4629, ,0x0
4630, ,0x0
4631, ,0x0
4632, ,0x0
4633, ,0x0
4634, ,0x0
4635, ,0x0
4636, ,0x0
4637, ,0x0
4638, ,0x0
4639, ,0x0
4640, ,0x0
4641, ,0x0
4642, ,0x0
4643, ,0x0
4644, ,0x0
4645, ,0x0
4646, ,0x0
4647, ,0x0
4648, ,0x0
4649, ,0x0
4650, ,0x0
4651, ,0x0
4652, ,0x0
4653, ,0x0
4654, ,0x0
4655, ,0x0
4656, ,0x0
4657, ,0x0
4658, ,0x0
4659, ,0x0
4660, ,0x0
4661, ,0x0
4662, ,0x0
4663, ,0x0
4664, ,0x0
4665, ,0x0
4666, ,0x0
4667, ,0x0
4668, ,0x0
4669, ,0x0
4670, ,0x0
4671, ,0x0
4672, ,0x0
4673, ,0x0
4674, ,0x0
4675, ,0x0
4676, ,0x0
4677, ,0x0
4678, ,0x0
4679, ,0x0
4680, ,0x0
4681, ,0x0
4682, ,0x0
4683, ,0x0
4684, ,0x0
4685, ,0x0
4686, ,0x0
4687, ,0x0
4688, ,0x0
4689, ,0x0
4690, ,0x0
4691, ,0x0
4692, ,0x0
4693, ,0x0
4694, ,0x0
4695, ,0x0
4696, ,0x0
4697, ,0x0
4698, ,0x0
4699, ,0x0
4700, ,0x0
4701, ,0x0
4702, ,0x0
4703, ,0x0
4704, ,0x0
4705, ,0x0
4706, ,0x0
4707, ,0x0
4708, ,0x0
4709, ,0x0
4710, ,0x0
4711, ,0x0
4712, ,0x0
4713, ,0x0
4714, ,0x0
4715, ,0x0
4716, ,0x0
4717, ,0x0
4718, ,0x0
4719, ,0x0
4720, ,0x0
4721, ,0x0
4722, ,0x0
4723, ,0x0
4724, ,0x0
4725, ,0x0
4726, ,0x0
4727, ,0x0
4728, ,0x0
4729, ,0x0
4730, ,0x0
4731, ,0x0
4732, ,0x0
4733, ,0x0
4734, ,0x0
4735, ,0x0
4736, ,0x0
4737, ,0x0
4738, ,0x0
4739, ,0x0
4740, ,0x0
4741, ,0x0
4742, ,0x0
4743, ,0x0
4744, ,0x0
4745, ,0x0
4746, ,0x0
4747, ,0x0
4748, ,0x0
4749, ,0x0
4750, ,0x0
4751, ,0x0
4752, ,0x0
4753, ,0x0
4754, ,0x0
4755, ,0x0
4756, ,0x0
4757, ,0x0
4758, ,0x0
4759, ,0x0
4760, ,0x0
4761, ,0x0
4762, ,0x0
4763, ,0x0
4764, ,0x0
4765, ,0x0
4766, ,0x0
4767, ,0x0
4768, ,0x0
4769, ,0x0
4770, ,0x0
4771, ,0x0
4772, ,0x0
4773, ,0x0
4774, ,0x0
4775, ,0x0
4776, ,0x0
4777, ,0x0
4778, ,0x0
4779, ,0x0
4780, ,0x0
4781, ,0x0
4782, ,0x0
4783, ,0x0
4784, ,0x0
4785, ,0x0
4786, ,0x0
4787, ,0x0
4788, ,0x0
4789, ,0x0
4790, ,0x0
4791, ,0x0
4792, ,0x0
4793, ,0x0
4794, ,0x0
4795, ,0x0
4796, ,0x0
4797, ,0x0
4798, ,0x0
4799, ,0x0
4800, ,0x0
4801, ,0x0
4802, ,0x0
4803, ,0x0
4804, ,0x0
4805, ,0x0
4806, ,0x0
4807, ,0x0
4808, ,0x0
4809, ,0x0
4810, ,0x0
4811, ,0x0
4812, ,0x0
4813, ,0x0
4814, ,0x0
4815, ,0x0
4816, ,0x0
4817, ,0x0
4818, ,0x0
4819, ,0x0
4820, ,0x0
4821, ,0x0
4822, ,0x0
4823, ,0x0
4824, ,0x0
4825, ,0x0
4826, ,0x0
4827, ,0x0
4828, ,0x0
4829, ,0x0
4830, ,0x0
4831, ,0x0
4832, ,0x0
4833, ,0x0
4834, ,0x0
4835, ,0x0
4836, ,0x0
4837, ,0x0
4838, ,0x0
4839, ,0x0
4840, ,0x0
4841, ,0x0
4842, ,0x0
4843, ,0x0
4844, ,0x0
4845, ,0x0
4846, ,0x0
4847, ,0x0
4848, ,0x0
4849, ,0x0
4850, ,0x0
4851, ,0x0
4852, ,0x0
4853, ,0x0
4854, ,0x0
4855, ,0x0
4856, ,0x0
4857, ,0x0
4858, ,0x0
4859, ,0x0
4860, ,0x0
4861, ,0x0
4862, ,0x0
4863, ,0x0
4864, ,0x0
4865, ,0x0
4866, ,0x0
4867, ,0x0
4868, ,0x0
4869, ,0x0
4870, ,0x0
4871, ,0x0
4872, ,0x0
4873, ,0x0
4874, ,0x0
4875, ,0x0
4876, ,0x0
4877, ,0x0
4878, ,0x0
4879, ,0x0
4880, ,0x0
4881, ,0x0
4882, ,0x0
4883, ,0x0
4884, ,0x0
4885, ,0x0
4886, ,0x0
4887, ,0x0
4888, ,0x0
4889, ,0x0
4890, ,0x0
4891, ,0x0
4892, ,0x0
4893, ,0x0
4894, ,0x0
4895, ,0x0
4896, ,0x0
4897, ,0x0
4898, ,0x0
4899, ,0x0
4900, ,0x0
4901, ,0x0
4902, ,0x0
4903, ,0x0
4904, ,0x0
4905, ,0x0
4906, ,0x0
4907, ,0x0
4908, ,0x0
4909, ,0x0
4910, ,0x0
4911, ,0x0
4912, ,0x0
4913, ,0x0
4914, ,0x0
4915, ,0x0
4916, ,0x0
4917, ,0x0
4918, ,0x0
4919, ,0x0
4920, ,0x0
4921, ,0x0
4922, ,0x0
4923, ,0x0
4924, ,0x0
4925, ,0x0
4926, ,0x0
4927, ,0x0
4928, ,0x0
4929, ,0x0
4930, ,0x0
4931, ,0x0
4932, ,0x0
4933, ,0x0
4934, ,0x0
4935, ,0x0
4936, ,0x0
4937, ,0x0
4938, ,0x0
4939, ,0x0
4940, ,0x0
4941, ,0x0
4942, ,0x0
4943, ,0x0
4944, ,0x0
4945, ,0x0
4946, ,0x0
4947, ,0x0
4948, ,0x0
4949, ,0x0
4950, ,0x0
4951, ,0x0
4952, ,0x0
4953, ,0x0
4954, ,0x0
4955, ,0x0
4956, ,0x0
4957, ,0x0
4958, ,0x0
4959, ,0x0
4960, ,0x0
4961, ,0x0
4962, ,0x0
4963, ,0x0
4964, ,0x0
4965, ,0x0
4966, ,0x0
4967, ,0x0
4968, ,0x0
4969, ,0x0
4970, ,0x0
4971, ,0x0
4972, ,0x0
4973, ,0x0
4974, ,0x0
4975, ,0x0
4976, ,0x0
4977, ,0x0
4978, ,0x0
4979, ,0x0
4980, ,0x0
4981, ,0x0
4982, ,0x0
4983, ,0x0
4984, ,0x0
4985, ,0x0
4986, ,0x0
4987, ,0x0
4988, ,0x0
4989, ,0x0
4990, ,0x0
4991, ,0x0
4992, ,0x0
4993, ,0x0
4994, ,0x0
4995, ,0x0
4996, ,0x0
4997, ,0x0
4998, ,0x0
4999, ,0x0
5000, ,0x0
5001, ,0x0
5002, ,0x0
5003, ,0x0
5004, ,0x0
5005, ,0x0
5006, ,0x0
5007, ,0x0
5008, ,0x0
5009, ,0x0
5010, ,0x0
5011, ,0x0
5012, ,0x0
5013, ,0x0
5014, ,0x0
5015, ,0x0
5016, ,0x0
5017, ,0x0
5018, ,0x0
5019, ,0x0
5020, ,0x0
5021, ,0x0
5022, ,0x0
5023, ,0x0
5024, ,0x0
5025, ,0x0
5026, ,0x0
5027, ,0x0
5028, ,0x0
5029, ,0x0
5030, ,0x0
5031, ,0x0
5032, ,0x0
5033, ,0x0
5034, ,0x0
5035, ,0x0
5036, ,0x0
5037, ,0x0
5038, ,0x0
5039, ,0x0
5040, ,0x0
5041, ,0x0
5042, ,0x0
5043, ,0x0
5044, ,0x0
5045, ,0x0
5046, ,0x0
5047, ,0x0
5048, ,0x0
5049, ,0x0
5050, ,0x0
5051, ,0x0
5052, ,0x0
5053, ,0x0
5054, ,0x0
5055, ,0x0
5056, ,0x0
5057, ,0x0
5058, ,0x0
5059, ,0x0
5060, ,0x0
5061, ,0x0
5062, ,0x0
5063, ,0x0
5064, ,0x0
5065, ,0x0
5066, ,0x0
5067, ,0x0
5068, ,0x0
5069, ,0x0
5070, ,0x0
5071, ,0x0
5072, ,0x0
5073, ,0x0
5074, ,0x0
5075, ,0x0
5076, ,0x0
5077, ,0x0
5078, ,0x0
5079, ,0x0
5080, ,0x0
5081, ,0x0
5082, ,0x0
5083, ,0x0
5084, ,0x0
5085, ,0x0
5086, ,0x0
5087, ,0x0
5088, ,0x0
5089, ,0x0
5090, ,0x0
5091, ,0x0
5092, ,0x0
5093, ,0x0
5094, ,0x0
5095, ,0x0
5096, ,0x0
5097, ,0x0
5098, ,0x0
5099, ,0x0
5100, ,0x0
5101, ,0x0
5102, ,0x0
5103, ,0x0
5104, ,0x0
5105, ,0x0
5106, ,0x0
5107, ,0x0
5108, ,0x0
5109, ,0x0
5110, ,0x0
5111, ,0x0
5112, ,0x0
5113, ,0x0
5114, ,0x0
5115, ,0x0
5116, ,0x0
5117, ,0x0
5118, ,0x0
5119, ,0x0
5120, ,0x0
5121, ,0x0
5122, ,0x0
5123, ,0x0
5124, ,0x0
5125, ,0x0
5126, ,0x0
5127, ,0x0
5128, ,0x0
5129, ,0x0
5130, ,0x0
5131, ,0x0
5132, ,0x0
5133, ,0x0
5134, ,0x0
5135, ,0x0
5136, ,0x0
5137, ,0x0
5138, ,0x0
5139, ,0x0
5140, ,0x0
5141, ,0x0
5142, ,0x0
5143, ,0x0
5144, ,0x0
5145, ,0x0
5146, ,0x0
5147, ,0x0
5148, ,0x0
5149, ,0x0
5150, ,0x0
5151, ,0x0
5152, ,0x0
5153, ,0x0
5154, ,0x0
5155, ,0x0
5156, ,0x0
5157, ,0x0
5158, ,0x0
5159, ,0x0
5160, ,0x0
5161, ,0x0
5162, ,0x0
5163, ,0x0
5164, ,0x0
5165, ,0x0
5166, ,0x0
5167, ,0x0
5168, ,0x0
5169, ,0x0
5170, ,0x0
5171, ,0x0
5172, ,0x0
5173, ,0x0
5174, ,0x0
5175, ,0x0
5176, ,0x0
5177, ,0x0
5178, ,0x0
5179, ,0x0
5180, ,0x0
5181, ,0x0
5182, ,0x0
5183, ,0x0
5184, ,0x0
5185, ,0x0
5186, ,0x0
5187, ,0x0
5188, ,0x0
5189, ,0x0
5190, ,0x0
5191, ,0x0
5192, ,0x0
5193, ,0x0
5194, ,0x0
5195, ,0x0
5196, ,0x0
5197, ,0x0
5198, ,0x0
5199, ,0x0
5200, ,0x0
5201, ,0x0
5202, ,0x0
5203, ,0x0
5204, ,0x0
5205, ,0x0
5206, ,0x0
5207, ,0x0
5208, ,0x0
5209, ,0x0
5210, ,0x0
5211, ,0x0
5212, ,0x0
5213, ,0x0
5214, ,0x0
5215, ,0x0
5216, ,0x0
5217, ,0x0
5218, ,0x0
5219, ,0x0
5220, ,0x0
5221, ,0x0
5222, ,0x0
5223, ,0x0
5224, ,0x0
5225, ,0x0
5226, ,0x0
5227, ,0x0
5228, ,0x0
5229, ,0x0
5230, ,0x0
5231, ,0x0
5232, ,0x0
5233, ,0x0
5234, ,0x0
5235, ,0x0
5236, ,0x0
5237, ,0x0
5238, ,0x0
5239, ,0x0
5240, ,0x0
5241, ,0x0
5242, ,0x0
5243, ,0x0
5244, ,0x0
5245, ,0x0
5246, ,0x0
5247, ,0x0
5248, ,0x0
5249, ,0x0
5250, ,0x0
5251, ,0x0
5252, ,0x0
5253, ,0x0
5254, ,0x0
5255, ,0x0
5256, ,0x0
5257, ,0x0
5258, ,0x0
5259, ,0x0
5260, ,0x0
5261, ,0x0
5262, ,0x0
5263, ,0x0
5264, ,0x0
5265, ,0x0
5266, ,0x0
5267, ,0x0
5268, ,0x0
5269, ,0x0
5270, ,0x0
5271, ,0x0
5272, ,0x0
5273, ,0x0
5274, ,0x0
5275, ,0x0
5276, ,0x0
5277, ,0x0
5278, ,0x0
5279, ,0x0
5280, ,0x0
5281, ,0x0
5282, ,0x0
5283, ,0x0
5284, ,0x0
5285, ,0x0
5286, ,0x0
5287, ,0x0
5288, ,0x0
5289, ,0x0
5290, ,0x0
5291, ,0x0
5292, ,0x0
5293, ,0x0
5294, ,0x0
5295, ,0x0
5296, ,0x0
5297, ,0x0
5298, ,0x0
5299, ,0x0
5300, ,0x0
5301, ,0x0
5302, ,0x0
5303, ,0x0
5304, ,0x0
5305, ,0x0
5306, ,0x0
5307, ,0x0
5308, ,0x0
5309, ,0x0
5310, ,0x0
5311, ,0x0
5312, ,0x0
5313, ,0x0
5314, ,0x0
5315, ,0x0
5316, ,0x0
5317, ,0x0
5318, ,0x0
5319, ,0x0
5320, ,0x0
5321, ,0x0
5322, ,0x0
5323, ,0x0
5324, ,0x0
5325, ,0x0
5326, ,0x0
5327, ,0x0
5328, ,0x0
5329, ,0x0
5330, ,0x0
5331, ,0x0
5332, ,0x0
5333, ,0x0
5334, ,0x0
5335, ,0x0
5336, ,0x0
5337, ,0x0
5338, ,0x0
5339, ,0x0
5340, ,0x0
5341, ,0x0
5342, ,0x0
5343, ,0x0
5344, ,0x0
5345, ,0x0
5346, ,0x0
5347, ,0x0
5348, ,0x0
5349, ,0x0
5350, ,0x0
5351, ,0x0
5352, ,0x0
5353, ,0x0
5354, ,0x0
5355, ,0x0
5356, ,0x0
5357, ,0x0
5358, ,0x0
5359, ,0x0
5360, ,0x0
5361, ,0x0
5362, ,0x0
5363, ,0x0
5364, ,0x0
5365, ,0x0
5366, ,0x0
5367, ,0x0
5368, ,0x0
5369, ,0x0
5370, ,0x0
5371, ,0x0
5372, ,0x0
5373, ,0x0
5374, ,0x0
5375, ,0x0
5376, ,0x0
5377, ,0x0
5378, ,0x0
5379, ,0x0
5380, ,0x0
5381, ,0x0
5382, ,0x0
5383, ,0x0
5384, ,0x0
5385, ,0x0
5386, ,0x0
5387, ,0x0
5388, ,0x0
5389, ,0x0
5390, ,0x0
5391, ,0x0
5392, ,0x0
5393, ,0x0
5394, ,0x0
5395, ,0x0
5396, ,0x0
5397, ,0x0
5398, ,0x0
5399, ,0x0
5400, ,0x0
5401, ,0x0
5402, ,0x0
5403, ,0x0
5404, ,0x0
5405, ,0x0
5406, ,0x0
5407, ,0x0
5408, ,0x0
5409, ,0x0
5410, ,0x0
5411, ,0x0
5412, ,0x0
5413, ,0x0
5414, ,0x0
5415, ,0x0
5416, ,0x0
5417, ,0x0
5418, ,0x0
5419, ,0x0
5420, ,0x0
5421, ,0x0
5422, ,0x0
5423, ,0x0
5424, ,0x0
5425, ,0x0
5426, ,0x0
5427, ,0x0
5428, ,0x0
5429, ,0x0
5430, ,0x0
5431, ,0x0
5432, ,0x0
5433, ,0x0
5434, ,0x0
5435, ,0x0
5436, ,0x0
5437, ,0x0
5438, ,0x0
5439, ,0x0
5440, ,0x0
5441, ,0x0
5442, ,0x0
5443, ,0x0
5444, ,0x0
5445, ,0x0
5446, ,0x0
5447, ,0x0
5448, ,0x0
5449, ,0x0
5450, ,0x0
5451, ,0x0
5452, ,0x0
5453, ,0x0
5454, ,0x0
5455, ,0x0
5456, ,0x0
5457, ,0x0
5458, ,0x0
5459, ,0x0
5460, ,0x0
5461, ,0x0
5462, ,0x0
5463, ,0x0
5464, ,0x0
5465, ,0x0
5466, ,0x0
5467, ,0x0
5468, ,0x0
5469, ,0x0
5470, ,0x0
5471, ,0x0
5472, ,0x0
5473, ,0x0
5474, ,0x0
5475, ,0x0
5476, ,0x0
5477, ,0x0
5478, ,0x0
5479, ,0x0
5480, ,0x0
5481, ,0x0
5482, ,0x0
5483, ,0x0
5484, ,0x0
5485, ,0x0
5486, ,0x0
5487, ,0x0
5488, ,0x0
5489, ,0x0
5490, ,0x0
5491, ,0x0
5492, ,0x0
5493, ,0x0
5494, ,0x0
5495, ,0x0
5496, ,0x0
5497, ,0x0
5498, ,0x0
5499, ,0x0
5500, ,0x0
5501, ,0x0
5502, ,0x0
5503, ,0x0
5504, ,0x0
5505, ,0x0
5506, ,0x0
5507, ,0x0
5508, ,0x0
5509, ,0x0
5510, ,0x0
5511, ,0x0
5512, ,0x0
5513, ,0x0
5514, ,0x0
5515, ,0x0
5516, ,0x0
5517, ,0x0
5518, ,0x0
5519, ,0x0
5520, ,0x0
5521, ,0x0
5522, ,0x0
5523, ,0x0
5524, ,0x0
5525, ,0x0
5526, ,0x0
5527, ,0x0
5528, ,0x0
5529, ,0x0
5530, ,0x0
5531, ,0x0
5532,/,0x2f
5533,/,0x2f
5534,/,0x2f
5535,/,0x2f
5536,/,0x2f
5537,/,0x2f
5538,/,0x2f
5539,/,0x2f
5540,/,0x2f
5541,/,0x2f
5542,/,0x2f
5543,/,0x2f
5544,/,0x2f
5545,/,0x2f
5546,/,0x2f
5547,/,0x2f
5548,/,0x2f
5549,/,0x2f
5550,/,0x2f
5551,/,0x2f
5552,/,0x2f
5553,/,0x2f
5554,/,0x2f
5555,/,0x2f
5556,/,0x2f
5557,/,0x2f
5558,/,0x2f
5559,/,0x2f
5560,/,0x2f
5561,/,0x2f
5562,/,0x2f
5563,/,0x2f
5564,/,0x2f
5565,/,0x2f
5566,/,0x2f
5567,/,0x2f
5568,/,0x2f
5569,/,0x2f
5570,/,0x2f
5571,/,0x2f
5572,/,0x2f
5573,/,0x2f
5574,/,0x2f
5575,/,0x2f
5576,/,0x2f
5577,/,0x2f
5578,/,0x2f
5579,/,0x2f
5580,/,0x2f
5581,/,0x2f
5582,/,0x2f
5583,/,0x2f
5584,/,0x2f
5585,/,0x2f
5586,/,0x2f
5587,/,0x2f
5588,/,0x2f
5589,/,0x2f
5590,/,0x2f
5591,/,0x2f
5592,/,0x2f
5593,/,0x2f
5594,/,0x2f
5595,/,0x2f
5596,/,0x2f
5597,/,0x2f
5598,/,0x2f
5599,/,0x2f
5600,/,0x2f
5601,/,0x2f
5602,/,0x2f
5603,/,0x2f
5604,/,0x2f
5605,/,0x2f
5606,/,0x2f
5607,/,0x2f
5608,/,0x2f
5609,/,0x2f
5610,/,0x2f
5611,/,0x2f
5612,/,0x2f
5613,/,0x2f
5614,/,0x2f
5615,/,0x2f
5616,/,0x2f
5617,/,0x2f
5618,/,0x2f
5619,/,0x2f
5620,/,0x2f
5621,/,0x2f
5622,/,0x2f
5623,/,0x2f
5624,/,0x2f
5625,/,0x2f
5626,/,0x2f
5627,/,0x2f
5628,/,0x2f
5629,/,0x2f
5630,/,0x2f
5631,/,0x2f
5632,/,0x2f
5633,/,0x2f
5634,/,0x2f
5635,/,0x2f
5636,/,0x2f
5637,/,0x2f
5638,/,0x2f
5639,/,0x2f
5640,/,0x2f
5641,/,0x2f
5642,/,0x2f
5643,/,0x2f
5644,/,0x2f
5645,/,0x2f
5646,/,0x2f
5647,/,0x2f
5648,/,0x2f
5649,/,0x2f
5650,/,0x2f
5651,/,0x2f
5652,/,0x2f
5653,/,0x2f
5654,/,0x2f
5655,/,0x2f
5656,/,0x2f
5657,/,0x2f
5658,/,0x2f
5659,/,0x2f
5660,/,0x2f
5661,/,0x2f
5662,/,0x2f
5663,/,0x2f
5664,/,0x2f
5665,/,0x2f
5666,/,0x2f
5667,/,0x2f
5668,/,0x2f
5669,/,0x2f
5670,/,0x2f
5671,/,0x2f
5672,/,0x2f
5673,/,0x2f
5674,/,0x2f
5675,/,0x2f
5676,/,0x2f
5677,/,0x2f
5678,/,0x2f
5679,/,0x2f
5680,/,0x2f
5681,/,0x2f
5682,/,0x2f
5683,/,0x2f
5684,/,0x2f
5685,/,0x2f
5686,/,0x2f
5687,/,0x2f
5688,/,0x2f
5689,/,0x2f
5690,/,0x2f
5691,/,0x2f
5692,/,0x2f
5693,/,0x2f
5694,/,0x2f
5695,/,0x2f
5696,/,0x2f
5697,/,0x2f
5698,/,0x2f
5699,/,0x2f
5700,/,0x2f
5701,/,0x2f
5702,/,0x2f
5703,/,0x2f
5704,/,0x2f
5705,/,0x2f
5706,/,0x2f
5707,/,0x2f
5708,/,0x2f
5709,/,0x2f
5710,/,0x2f
5711,/,0x2f
5712,/,0x2f
5713,/,0x2f
5714,/,0x2f
5715,/,0x2f
5716,/,0x2f
5717,/,0x2f
5718,/,0x2f
5719,/,0x2f
5720,/,0x2f
5721,/,0x2f
5722,/,0x2f
5723,/,0x2f
5724,/,0x2f
5725,/,0x2f
5726,/,0x2f
5727,/,0x2f
5728,/,0x2f
5729,/,0x2f
5730,/,0x2f
5731,/,0x2f
5732,/,0x2f
5733,/,0x2f
5734,/,0x2f
5735,/,0x2f
5736,/,0x2f
5737,/,0x2f
5738,/,0x2f
5739,/,0x2f
5740,/,0x2f
5741,/,0x2f
5742,/,0x2f
5743,/,0x2f
5744,/,0x2f
5745,/,0x2f
5746,/,0x2f
5747,/,0x2f
5748,/,0x2f
5749,/,0x2f
5750,/,0x2f
5751,/,0x2f
5752,/,0x2f
5753,/,0x2f
5754,/,0x2f
5755,/,0x2f
5756,/,0x2f
5757,/,0x2f
5758,/,0x2f
5759,/,0x2f
5760,/,0x2f
5761,/,0x2f
5762,/,0x2f
5763,/,0x2f
5764,/,0x2f
5765,/,0x2f
5766,/,0x2f
5767,/,0x2f
5768,/,0x2f
5769,/,0x2f
5770,/,0x2f
5771,/,0x2f
5772,/,0x2f
5773,/,0x2f
5774,/,0x2f
5775,/,0x2f
5776,/,0x2f
5777,/,0x2f
5778,/,0x2f
5779,/,0x2f
5780,/,0x2f
5781,/,0x2f
5782,/,0x2f
5783,/,0x2f
5784,/,0x2f
5785,/,0x2f
5786,/,0x2f
5787,/,0x2f
5788,/,0x2f
5789,/,0x2f
5790,/,0x2f
5791,/,0x2f
5792,/,0x2f
5793,/,0x2f
5794,/,0x2f
5795,/,0x2f
5796,/,0x2f
5797,/,0x2f
5798,/,0x2f
5799,/,0x2f
5800,/,0x2f
5801,/,0x2f
5802,/,0x2f
5803,/,0x2f
5804,/,0x2f
5805,/,0x2f
5806,/,0x2f
5807,/,0x2f
5808,/,0x2f
5809,/,0x2f
5810,/,0x2f
5811,/,0x2f
5812,/,0x2f
5813,/,0x2f
5814,/,0x2f
5815,/,0x2f
5816,/,0x2f
5817,/,0x2f
5818,/,0x2f
5819,/,0x2f
5820,/,0x2f
5821,/,0x2f
5822,/,0x2f
5823,/,0x2f
5824,/,0x2f
5825,/,0x2f
5826,/,0x2f
5827,/,0x2f
5828,/,0x2f
5829,/,0x2f
5830,/,0x2f
5831,/,0x2f
5832,/,0x2f
5833,/,0x2f
5834,/,0x2f
5835,/,0x2f
5836,/,0x2f
5837,/,0x2f
5838,/,0x2f
5839,/,0x2f
5840,/,0x2f
5841,/,0x2f
5842,/,0x2f
5843,/,0x2f
5844,/,0x2f
5845,/,0x2f
5846,/,0x2f
5847,/,0x2f
5848,/,0x2f
5849,/,0x2f
5850,/,0x2f
5851,/,0x2f
5852,/,0x2f
5853,/,0x2f
5854,/,0x2f
5855,/,0x2f
5856,/,0x2f
5857,/,0x2f
5858,/,0x2f
5859,/,0x2f
5860,/,0x2f
5861,/,0x2f
5862,/,0x2f
5863,/,0x2f
5864,/,0x2f
5865,/,0x2f
5866,/,0x2f
5867,/,0x2f
5868,/,0x2f
5869,/,0x2f
5870,/,0x2f
5871,/,0x2f
5872,/,0x2f
5873,/,0x2f
5874,/,0x2f
5875,/,0x2f
5876,/,0x2f
5877,/,0x2f
5878,/,0x2f
5879,/,0x2f
5880,/,0x2f
5881,/,0x2f
5882,/,0x2f
5883,/,0x2f
5884,/,0x2f
5885,/,0x2f
5886,/,0x2f
5887,/,0x2f
5888,/,0x2f
5889,/,0x2f
5890,/,0x2f
5891,/,0x2f
5892,/,0x2f
5893,/,0x2f
5894,/,0x2f
5895,/,0x2f
5896,/,0x2f
5897,/,0x2f
5898,/,0x2f
5899,/,0x2f
5900,/,0x2f
5901,/,0x2f
5902,/,0x2f
5903,/,0x2f
5904,/,0x2f
5905,/,0x2f
5906,/,0x2f
5907,/,0x2f
5908,/,0x2f
5909,/,0x2f
5910,/,0x2f
5911,/,0x2f
5912,/,0x2f
5913,/,0x2f
5914,/,0x2f
5915,/,0x2f
5916,/,0x2f
5917,/,0x2f
5918,/,0x2f
5919,/,0x2f
5920,/,0x2f
5921,/,0x2f
5922,/,0x2f
5923,/,0x2f
5924,/,0x2f
5925,/,0x2f
5926,/,0x2f
5927,/,0x2f
5928,/,0x2f
5929,/,0x2f
5930,/,0x2f
5931,/,0x2f
5932,/,0x2f
5933,/,0x2f
5934,/,0x2f
5935,/,0x2f
5936,/,0x2f
5937,/,0x2f
5938,/,0x2f
5939,/,0x2f
5940,/,0x2f
5941,/,0x2f
5942,/,0x2f
5943,/,0x2f
5944,/,0x2f
5945,/,0x2f
5946,/,0x2f
5947,/,0x2f
5948,/,0x2f
5949,/,0x2f
5950,/,0x2f
5951,/,0x2f
5952,/,0x2f
5953,/,0x2f
5954,/,0x2f
5955,/,0x2f
5956,/,0x2f
5957,/,0x2f
5958,/,0x2f
5959,/,0x2f
5960,/,0x2f
5961,/,0x2f
5962,/,0x2f
5963,/,0x2f
5964,/,0x2f
5965,/,0x2f
5966,/,0x2f
5967,/,0x2f
5968,/,0x2f
5969,/,0x2f
5970,/,0x2f
5971,/,0x2f
5972,/,0x2f
5973,/,0x2f
5974,/,0x2f
5975,/,0x2f
5976,/,0x2f
5977,/,0x2f
5978,/,0x2f
5979,/,0x2f
5980,/,0x2f
5981,/,0x2f
5982,/,0x2f
5983,/,0x2f
5984,/,0x2f
5985,/,0x2f
5986,/,0x2f
5987,/,0x2f
5988,/,0x2f
5989,/,0x2f
5990,/,0x2f
5991,/,0x2f
5992,/,0x2f
5993,/,0x2f
5994,/,0x2f
5995,/,0x2f
5996,/,0x2f
5997,/,0x2f
5998,/,0x2f
5999,/,0x2f
6000,/,0x2f
6001,/,0x2f
6002,/,0x2f
6003,/,0x2f
6004,/,0x2f
6005,/,0x2f
6006,/,0x2f
6007,/,0x2f
6008,/,0x2f
6009,/,0x2f
6010,/,0x2f
6011,/,0x2f
6012,/,0x2f
6013,/,0x2f
6014,/,0x2f
6015,/,0x2f
6016,/,0x2f
6017,/,0x2f
6018,/,0x2f
6019,/,0x2f
6020,/,0x2f
6021,/,0x2f
6022,/,0x2f
6023,/,0x2f
6024,/,0x2f
6025,/,0x2f
6026,/,0x2f
6027,/,0x2f
6028,/,0x2f
6029,/,0x2f
6030,/,0x2f
6031,/,0x2f
6032,/,0x2f
6033,/,0x2f
6034,/,0x2f
6035,/,0x2f
6036,/,0x2f
6037,/,0x2f
6038,/,0x2f
6039,/,0x2f
6040,/,0x2f
6041,/,0x2f
6042,/,0x2f
6043,/,0x2f
6044,/,0x2f
6045,/,0x2f
6046,/,0x2f
6047,/,0x2f
6048,/,0x2f
6049,/,0x2f
6050,/,0x2f
6051,/,0x2f
6052,/,0x2f
6053,/,0x2f
6054,/,0x2f
6055,/,0x2f
6056,/,0x2f
6057,/,0x2f
6058,/,0x2f
6059,/,0x2f
6060,/,0x2f
6061,/,0x2f
6062,/,0x2f
6063,/,0x2f
6064,/,0x2f
6065,/,0x2f
6066,/,0x2f
6067,/,0x2f
6068,/,0x2f
6069,/,0x2f
6070,/,0x2f
6071,/,0x2f
6072,/,0x2f
6073,/,0x2f
6074,/,0x2f
6075,/,0x2f
6076,/,0x2f
6077,/,0x2f
6078,/,0x2f
6079,/,0x2f
6080,/,0x2f
6081,/,0x2f
6082,/,0x2f
6083,/,0x2f
6084,/,0x2f
6085,/,0x2f
6086,/,0x2f
6087,/,0x2f
6088,/,0x2f
6089,/,0x2f
6090,/,0x2f
6091,/,0x2f
6092,/,0x2f
6093,/,0x2f
6094,/,0x2f
6095,/,0x2f
6096,/,0x2f
6097,/,0x2f
6098,/,0x2f
6099,/,0x2f
6100,/,0x2f
6101,/,0x2f
6102,/,0x2f
6103,/,0x2f
6104,/,0x2f
6105,/,0x2f
6106,/,0x2f
6107,/,0x2f
6108,/,0x2f
6109,/,0x2f
6110,/,0x2f
6111,/,0x2f
6112,/,0x2f
6113,/,0x2f
6114,/,0x2f
6115,/,0x2f
6116,/,0x2f
6117,/,0x2f
6118,/,0x2f
6119,/,0x2f
6120,/,0x2f
6121,/,0x2f
6122,/,0x2f
6123,/,0x2f
6124,/,0x2f
6125,/,0x2f
6126,/,0x2f
6127,/,0x2f
6128,/,0x2f
6129,/,0x2f
6130,/,0x2f
6131,/,0x2f
6132,/,0x2f
6133,/,0x2f
6134,/,0x2f
6135,/,0x2f
6136,/,0x2f
6137,/,0x2f
6138,/,0x2f
6139,/,0x2f
6140,/,0x2f
6141,/,0x2f
6142,/,0x2f
6143,/,0x2f
6144,/,0x2f
6145,/,0x2f
6146,/,0x2f
6147,/,0x2f
6148,/,0x2f
6149,/,0x2f
6150,/,0x2f
6151,/,0x2f
6152,/,0x2f
6153,/,0x2f
6154,/,0x2f
6155,/,0x2f
6156,/,0x2f
6157,/,0x2f
6158,/,0x2f
6159,/,0x2f
6160,/,0x2f
6161,/,0x2f
6162,/,0x2f
6163,/,0x2f
6164,/,0x2f
6165,/,0x2f
6166,/,0x2f
6167,/,0x2f
6168,/,0x2f
6169,/,0x2f
6170,/,0x2f
6171,/,0x2f
6172,/,0x2f
6173,/,0x2f
6174,/,0x2f
6175,/,0x2f
6176,/,0x2f
6177,/,0x2f
6178,/,0x2f
6179,/,0x2f
6180,/,0x2f
6181,/,0x2f
6182,/,0x2f
6183,/,0x2f
6184,/,0x2f
6185,/,0x2f
6186,/,0x2f
6187,/,0x2f
6188,/,0x2f
6189,/,0x2f
6190,/,0x2f
6191,/,0x2f
6192,/,0x2f
6193,/,0x2f
6194,/,0x2f
6195,/,0x2f
6196,/,0x2f
6197,/,0x2f
6198,/,0x2f
6199,/,0x2f
6200,/,0x2f
6201,/,0x2f
6202,/,0x2f
6203,/,0x2f
6204,/,0x2f
6205,/,0x2f
6206,/,0x2f
6207,/,0x2f
6208,/,0x2f
6209,/,0x2f
6210,/,0x2f
6211,/,0x2f
6212,/,0x2f
6213,/,0x2f
6214,/,0x2f
6215,/,0x2f
6216,/,0x2f
6217,/,0x2f
6218,/,0x2f
6219,/,0x2f
6220,/,0x2f
6221,/,0x2f
6222,/,0x2f
6223,/,0x2f
6224,/,0x2f
6225,/,0x2f
6226,/,0x2f
6227,/,0x2f
6228,/,0x2f
6229,/,0x2f
6230,/,0x2f
6231,/,0x2f
6232,/,0x2f
6233,/,0x2f
6234,/,0x2f
6235,/,0x2f
6236,/,0x2f
6237,/,0x2f
6238,/,0x2f
6239,/,0x2f
6240,/,0x2f
6241,/,0x2f
6242,/,0x2f
6243,/,0x2f
6244,/,0x2f
6245,/,0x2f
6246,/,0x2f
6247,/,0x2f
6248,/,0x2f
6249,/,0x2f
6250,/,0x2f
6251,/,0x2f
6252,/,0x2f
6253,/,0x2f
6254,/,0x2f
6255,/,0x2f
6256,/,0x2f
6257,/,0x2f
6258,/,0x2f
6259,/,0x2f
6260,/,0x2f
6261,/,0x2f
6262,/,0x2f
6263,/,0x2f
6264,/,0x2f
6265,/,0x2f
6266,/,0x2f
6267,/,0x2f
6268,/,0x2f
6269,/,0x2f
6270,/,0x2f
6271,/,0x2f
6272,/,0x2f
6273,/,0x2f
6274,/,0x2f
6275,/,0x2f
6276,/,0x2f
6277,/,0x2f
6278,/,0x2f
6279,/,0x2f
6280,/,0x2f
6281,/,0x2f
6282,/,0x2f
6283,/,0x2f
6284,/,0x2f
6285,/,0x2f
6286,/,0x2f
6287,/,0x2f
6288,/,0x2f
6289,/,0x2f
6290,/,0x2f
6291,/,0x2f
6292,/,0x2f
6293,/,0x2f
6294,/,0x2f
6295,/,0x2f
6296,/,0x2f
6297,/,0x2f
6298,/,0x2f
6299,/,0x2f
6300,/,0x2f
6301,/,0x2f
6302,/,0x2f
6303,/,0x2f
6304,/,0x2f
6305,/,0x2f
6306,/,0x2f
6307,/,0x2f
6308,/,0x2f
6309,/,0x2f
6310,/,0x2f
6311,/,0x2f
6312,/,0x2f
6313,/,0x2f
6314,/,0x2f
6315,/,0x2f
6316,/,0x2f
6317,/,0x2f
6318,/,0x2f
6319,/,0x2f
6320,/,0x2f
6321,/,0x2f
6322,/,0x2f
6323,/,0x2f
6324,/,0x2f
6325,/,0x2f
6326,/,0x2f
6327,/,0x2f
6328,/,0x2f
6329,/,0x2f
6330,/,0x2f
6331,/,0x2f
6332,/,0x2f
6333,/,0x2f
6334,/,0x2f
6335,/,0x2f
6336,/,0x2f
6337,/,0x2f
6338,/,0x2f
6339,/,0x2f
6340,/,0x2f
6341,/,0x2f
6342,/,0x2f
6343,/,0x2f
6344,/,0x2f
6345,/,0x2f
6346,/,0x2f
6347,/,0x2f
6348,/,0x2f
6349,/,0x2f
6350,/,0x2f
6351,/,0x2f
6352,/,0x2f
6353,/,0x2f
6354,/,0x2f
6355,/,0x2f
6356,/,0x2f
6357,/,0x2f
6358,/,0x2f
6359,/,0x2f
6360,/,0x2f
6361,/,0x2f
6362,/,0x2f
6363,/,0x2f
6364,/,0x2f
6365,/,0x2f
6366,/,0x2f
6367,/,0x2f
6368,/,0x2f
6369,/,0x2f
6370,/,0x2f
6371,/,0x2f
6372,/,0x2f
6373,/,0x2f
6374,/,0x2f
6375,/,0x2f
6376,/,0x2f
6377,/,0x2f
6378,/,0x2f
6379,/,0x2f
6380,/,0x2f
6381,/,0x2f
6382,/,0x2f
6383,/,0x2f
6384,/,0x2f
6385,/,0x2f
6386,/,0x2f
6387,/,0x2f
6388,/,0x2f
6389,/,0x2f
6390,/,0x2f
6391,/,0x2f
6392,/,0x2f
6393,/,0x2f
6394,/,0x2f
6395,/,0x2f
6396,/,0x2f
6397,/,0x2f
6398,/,0x2f
6399,/,0x2f
6400,/,0x2f
6401,/,0x2f
6402,/,0x2f
6403,/,0x2f
6404,/,0x2f
6405,/,0x2f
6406,/,0x2f
6407,/,0x2f
6408,/,0x2f
6409,/,0x2f
6410,/,0x2f
6411,/,0x2f
6412,/,0x2f
6413,/,0x2f
6414,/,0x2f
6415,/,0x2f
6416,/,0x2f
6417,/,0x2f
6418,/,0x2f
6419,/,0x2f
6420,/,0x2f
6421,/,0x2f
6422,/,0x2f
6423,/,0x2f
6424,/,0x2f
6425,/,0x2f
6426,/,0x2f
6427,/,0x2f
6428,/,0x2f
6429,/,0x2f
6430,/,0x2f
6431,/,0x2f
6432,/,0x2f
6433,/,0x2f
6434,/,0x2f
6435,/,0x2f
6436,/,0x2f
6437,/,0x2f
6438,/,0x2f
6439,/,0x2f
6440,/,0x2f
6441,/,0x2f
6442,/,0x2f
6443,/,0x2f
6444,/,0x2f
6445,/,0x2f
6446,/,0x2f
6447,/,0x2f
6448,/,0x2f
6449,/,0x2f
6450,/,0x2f
6451,/,0x2f
6452,/,0x2f
6453,/,0x2f
6454,/,0x2f
6455,/,0x2f
6456,/,0x2f
6457,/,0x2f
6458,/,0x2f
6459,/,0x2f
6460,/,0x2f
6461,/,0x2f
6462,/,0x2f
6463,/,0x2f
6464,/,0x2f
6465,/,0x2f
6466,/,0x2f
6467,/,0x2f
6468,/,0x2f
6469,/,0x2f
6470,/,0x2f
6471,/,0x2f
6472,/,0x2f
6473,/,0x2f
6474,/,0x2f
6475,/,0x2f
6476,/,0x2f
6477,/,0x2f
6478,/,0x2f
6479,/,0x2f
6480,/,0x2f
6481,/,0x2f
6482,/,0x2f
6483,/,0x2f
6484,/,0x2f
6485,/,0x2f
6486,/,0x2f
6487,/,0x2f
6488,/,0x2f
6489,/,0x2f
6490,/,0x2f
6491,/,0x2f
6492,/,0x2f
6493,/,0x2f
6494,/,0x2f
6495,/,0x2f
6496,/,0x2f
6497,/,0x2f
6498,/,0x2f
6499,/,0x2f
6500,/,0x2f
6501,/,0x2f
6502,/,0x2f
6503,/,0x2f
6504,/,0x2f
6505,/,0x2f
6506,/,0x2f
6507,/,0x2f
6508,/,0x2f
6509,/,0x2f
6510,/,0x2f
6511,/,0x2f
6512,/,0x2f
6513,/,0x2f
6514,/,0x2f
6515,/,0x2f
6516,/,0x2f
6517,/,0x2f
6518,/,0x2f
6519,/,0x2f
6520,/,0x2f
6521,/,0x2f
6522,/,0x2f
6523,/,0x2f
6524,/,0x2f
6525,/,0x2f
6526,/,0x2f
6527,/,0x2f
6528,/,0x2f
6529,/,0x2f
6530,/,0x2f
6531,/,0x2f
6532,/,0x2f
6533,/,0x2f
6534,/,0x2f
6535,/,0x2f
6536,/,0x2f
6537,/,0x2f
6538,/,0x2f
6539,/,0x2f
6540,/,0x2f
6541,/,0x2f
6542,/,0x2f
6543,/,0x2f
6544,/,0x2f
6545,/,0x2f
6546,/,0x2f
6547,/,0x2f
6548,/,0x2f
6549,/,0x2f
6550,/,0x2f
6551,/,0x2f
6552,/,0x2f
6553,/,0x2f
6554,/,0x2f
6555,/,0x2f
6556,/,0x2f
6557,/,0x2f
6558,/,0x2f
6559,/,0x2f
6560,/,0x2f
6561,/,0x2f
6562,/,0x2f
6563,/,0x2f
6564,/,0x2f
6565,/,0x2f
6566,/,0x2f
6567,/,0x2f
6568,/,0x2f
6569,/,0x2f
6570,/,0x2f
6571,/,0x2f
6572,/,0x2f
6573,/,0x2f
6574,/,0x2f
6575,/,0x2f
6576,/,0x2f
6577,/,0x2f
6578,/,0x2f
6579,/,0x2f
6580,/,0x2f
6581,/,0x2f
6582,/,0x2f
6583,/,0x2f
6584,/,0x2f
6585,/,0x2f
6586,/,0x2f
6587,/,0x2f
6588,/,0x2f
6589,/,0x2f
6590,/,0x2f
6591,/,0x2f
6592,/,0x2f
6593,/,0x2f
6594,/,0x2f
6595,/,0x2f
6596,/,0x2f
6597,/,0x2f
6598,/,0x2f
6599,/,0x2f
6600,/,0x2f
6601,/,0x2f
6602,/,0x2f
6603,/,0x2f
6604,/,0x2f
6605,/,0x2f
6606,/,0x2f
6607,/,0x2f
6608,/,0x2f
6609,/,0x2f
6610,/,0x2f
6611,/,0x2f
6612,/,0x2f
6613,/,0x2f
6614,/,0x2f
6615,/,0x2f
6616,/,0x2f
6617,/,0x2f
6618,/,0x2f
6619,/,0x2f
6620,/,0x2f
6621,/,0x2f
6622,/,0x2f
6623,/,0x2f
6624,/,0x2f
6625,/,0x2f
6626,/,0x2f
6627,/,0x2f
6628,/,0x2f
6629,/,0x2f
6630,/,0x2f
6631,/,0x2f
6632,/,0x2f
6633,/,0x2f
6634,/,0x2f
6635,/,0x2f
6636,/,0x2f
6637,/,0x2f
6638,/,0x2f
6639,/,0x2f
6640,/,0x2f
6641,/,0x2f
6642,/,0x2f
6643,/,0x2f
6644,/,0x2f
6645,/,0x2f
6646,/,0x2f
6647,/,0x2f
6648,/,0x2f
6649,/,0x2f
6650,/,0x2f
6651,/,0x2f
6652,/,0x2f
6653,/,0x2f
6654,/,0x2f
6655,/,0x2f
6656,/,0x2f
6657,/,0x2f
6658,/,0x2f
6659,/,0x2f
6660,/,0x2f
6661,/,0x2f
6662,/,0x2f
6663,/,0x2f
6664,/,0x2f
6665,/,0x2f
6666,/,0x2f
6667,/,0x2f
6668,/,0x2f
6669,/,0x2f
6670,/,0x2f
6671,/,0x2f
6672,/,0x2f
6673,/,0x2f
6674,/,0x2f
6675,/,0x2f
6676,/,0x2f
6677,/,0x2f
6678,/,0x2f
6679,/,0x2f
6680,/,0x2f
6681,/,0x2f
6682,/,0x2f
6683,/,0x2f
6684,/,0x2f
6685,/,0x2f
6686,/,0x2f
6687,/,0x2f
6688,/,0x2f
6689,/,0x2f
6690,/,0x2f
6691,/,0x2f
6692,/,0x2f
6693,/,0x2f
6694,/,0x2f
6695,/,0x2f
6696,/,0x2f
6697,/,0x2f
6698,/,0x2f
6699,/,0x2f
6700,/,0x2f
6701,/,0x2f
6702,/,0x2f
6703,/,0x2f
6704,/,0x2f
6705,/,0x2f
6706,/,0x2f
6707,/,0x2f
6708,/,0x2f
6709,/,0x2f
6710,/,0x2f
6711,/,0x2f
6712,/,0x2f
6713,/,0x2f
6714,/,0x2f
6715,/,0x2f
6716,/,0x2f
6717,/,0x2f
6718,/,0x2f
6719,/,0x2f
6720,/,0x2f
6721,/,0x2f
6722,/,0x2f
6723,/,0x2f
6724,/,0x2f
6725,/,0x2f
6726,/,0x2f
6727,/,0x2f
6728,/,0x2f
6729,/,0x2f
6730,/,0x2f
6731,/,0x2f
6732,/,0x2f
6733,/,0x2f
6734,/,0x2f
6735,/,0x2f
6736,/,0x2f
6737,/,0x2f
6738,/,0x2f
6739,/,0x2f
6740,/,0x2f
6741,/,0x2f
6742,/,0x2f
6743,/,0x2f
6744,/,0x2f
6745,/,0x2f
6746,/,0x2f
6747,/,0x2f
6748,/,0x2f
6749,/,0x2f
6750,/,0x2f
6751,/,0x2f
6752,/,0x2f
6753,/,0x2f
6754,/,0x2f
6755,/,0x2f
6756,/,0x2f
6757,/,0x2f
6758,/,0x2f
6759,/,0x2f
6760,/,0x2f
6761,/,0x2f
6762,/,0x2f
6763,/,0x2f
6764,/,0x2f
6765,/,0x2f
6766,/,0x2f
6767,/,0x2f
6768,/,0x2f
6769,/,0x2f
6770,/,0x2f
6771,/,0x2f
6772,/,0x2f
6773,/,0x2f
6774,/,0x2f
6775,/,0x2f
6776,/,0x2f
6777,/,0x2f
6778,/,0x2f
6779,/,0x2f
6780,/,0x2f
6781,/,0x2f
6782,/,0x2f
6783,/,0x2f
6784,/,0x2f
6785,/,0x2f
6786,/,0x2f
6787,/,0x2f
6788,/,0x2f
6789,/,0x2f
6790,/,0x2f
6791,/,0x2f
6792,/,0x2f
6793,/,0x2f
6794,/,0x2f
6795,/,0x2f
6796,/,0x2f
6797,/,0x2f
6798,/,0x2f
6799,/,0x2f
6800,/,0x2f
6801,/,0x2f
6802,/,0x2f
6803,/,0x2f
6804,/,0x2f
6805,/,0x2f
6806,/,0x2f
6807,/,0x2f
6808,/,0x2f
6809,/,0x2f
6810,/,0x2f
6811,/,0x2f
6812,/,0x2f
6813,/,0x2f
6814,/,0x2f
6815,/,0x2f
6816,/,0x2f
6817,/,0x2f
6818,/,0x2f
6819,/,0x2f
6820,/,0x2f
6821,/,0x2f
6822,/,0x2f
6823,/,0x2f
6824,/,0x2f
6825,/,0x2f
6826,/,0x2f
6827,/,0x2f
6828,/,0x2f
6829,/,0x2f
6830,/,0x2f
6831,/,0x2f
6832,/,0x2f
6833,/,0x2f
6834,/,0x2f
6835,/,0x2f
6836,/,0x2f
6837,/,0x2f
6838,/,0x2f
6839,/,0x2f
6840,/,0x2f
6841,/,0x2f
6842,/,0x2f
6843,/,0x2f
6844,/,0x2f
6845,/,0x2f
6846,/,0x2f
6847,/,0x2f
6848,/,0x2f
6849,/,0x2f
6850,/,0x2f
6851,/,0x2f
6852,/,0x2f
6853,/,0x2f
6854,/,0x2f
6855,/,0x2f
6856,/,0x2f
6857,/,0x2f
6858,/,0x2f
6859,/,0x2f
6860,/,0x2f
6861,/,0x2f
6862,/,0x2f
6863,/,0x2f
6864,/,0x2f
6865,/,0x2f
6866,/,0x2f
6867,/,0x2f
6868,/,0x2f
6869,/,0x2f
6870,/,0x2f
6871,/,0x2f
6872,/,0x2f
6873,/,0x2f
6874,/,0x2f
6875,/,0x2f
6876,/,0x2f
6877,/,0x2f
6878,/,0x2f
6879,/,0x2f
6880,/,0x2f
6881,/,0x2f
6882,/,0x2f
6883,/,0x2f
6884,/,0x2f
6885,/,0x2f
6886,/,0x2f
6887,/,0x2f
6888,/,0x2f
6889,/,0x2f
6890,/,0x2f
6891,/,0x2f
6892,/,0x2f
6893,/,0x2f
6894,/,0x2f
6895,/,0x2f
6896,/,0x2f
6897,/,0x2f
6898,/,0x2f
6899,/,0x2f
6900,/,0x2f
6901,/,0x2f
6902,/,0x2f
6903,/,0x2f
6904,/,0x2f
6905,/,0x2f
6906,/,0x2f
6907,/,0x2f
6908,/,0x2f
6909,/,0x2f
6910,/,0x2f
6911,/,0x2f
6912,/,0x2f
6913,/,0x2f
6914,/,0x2f
